algorithm,search_method,params,total_profit,average_daily_profit,pct_of_upper,rank
ewf,grid,"{""cost"": ""newsvendor"", ""eta"": 0.00042919342601287783, ""feedback"": ""censored"", ""gamma"": 0.02, ""overage"": null, ""share_alpha"": 0.03225806451612903, ""underage"": null}",3714498.0,119822.51612903226,92.51712981297308,1
ewf,grid,"{""cost"": ""newsvendor"", ""eta"": 0.00042919342601287783, ""feedback"": ""censored"", ""gamma"": 0.05, ""overage"": null, ""share_alpha"": 0.03225806451612903, ""underage"": null}",3694498.0,119177.35483870968,92.01898912309804,2
ewf,grid,"{""cost"": ""newsvendor"", ""eta"": 0.0005179474679231213, ""feedback"": ""censored"", ""gamma"": 0.02, ""overage"": null, ""share_alpha"": 0.03225806451612903, ""underage"": null}",3694398.0,119174.12903225806,92.01649841964866,3
ewf,grid,"{""cost"": ""newsvendor"", ""eta"": 0.0005179474679231213, ""feedback"": ""censored"", ""gamma"": 0.0, ""overage"": null, ""share_alpha"": 0.03225806451612903, ""underage"": null}",3689262.0,119008.45161290323,91.88857589048875,4
ewf,grid,"{""cost"": ""newsvendor"", ""eta"": 5.4286754393238594e-05, ""feedback"": ""censored"", ""gamma"": 0.05, ""overage"": null, ""share_alpha"": 0.03225806451612903, ""underage"": null}",3687837.0,118962.48387096774,91.85308336633516,5
ewf,grid,"{""cost"": ""newsvendor"", ""eta"": 0.0005179474679231213, ""feedback"": ""censored"", ""gamma"": 0.05, ""overage"": null, ""share_alpha"": 0.03225806451612903, ""underage"": null}",3686398.0,118916.06451612903,91.81724214369864,6
ewf,grid,"{""cost"": ""newsvendor"", ""eta"": 0.000244205309454865, ""feedback"": ""censored"", ""gamma"": 0.02, ""overage"": null, ""share_alpha"": 0.03225806451612903, ""underage"": null}",3677817.0,118639.25806451614,91.60351488070776,7
ewf,grid,"{""cost"": ""newsvendor"", ""eta"": 4.498432668969444e-05, ""feedback"": ""censored"", ""gamma"": 0.0, ""overage"": null, ""share_alpha"": 0.03225806451612903, ""underage"": null}",3675372.0,118560.3870967742,91.54261718137053,8
ewf,grid,"{""cost"": ""newsvendor"", ""eta"": 0.00029470517025518097, ""feedback"": ""censored"", ""gamma"": 0.05, ""overage"": null, ""share_alpha"": 0.03225806451612903, ""underage"": null}",3673834.0,118510.7741935484,91.50431016231914,9
ewf,grid,"{""cost"": ""newsvendor"", ""eta"": 4.498432668969444e-05, ""feedback"": ""censored"", ""gamma"": 0.02, ""overage"": null, ""share_alpha"": 0.03225806451612903, ""underage"": null}",3673372.0,118495.87096774194,91.49280311238303,10
ewf,grid,"{""cost"": ""newsvendor"", ""eta"": 0.00013894954943731373, ""feedback"": ""censored"", ""gamma"": 0.0, ""overage"": null, ""share_alpha"": 0.1, ""underage"": null}",3673121.0,118487.7741935484,91.4865514467251,11
ewf,grid,"{""cost"": ""newsvendor"", ""eta"": 0.00042919342601287783, ""feedback"": ""censored"", ""gamma"": 0.0, ""overage"": null, ""share_alpha"": 0.03225806451612903, ""underage"": null}",3672836.0,118478.58064516129,91.47945294189438,12
ewf,grid,"{""cost"": ""newsvendor"", ""eta"": 0.0006250551925273969, ""feedback"": ""censored"", ""gamma"": 0.0, ""overage"": null, ""share_alpha"": 0.03225806451612903, ""underage"": null}",3672262.0,118460.06451612903,91.46515630409496,13
ewf,grid,"{""cost"": ""newsvendor"", ""eta"": 6.55128556859551e-05, ""feedback"": ""censored"", ""gamma"": 0.0, ""overage"": null, ""share_alpha"": 0.03225806451612903, ""underage"": null}",3670223.0,118394.29032258065,91.4143708607622,14
ewf,grid,"{""cost"": ""newsvendor"", ""eta"": 0.0009102981779915217, ""feedback"": ""censored"", ""gamma"": 0.0, ""overage"": null, ""share_alpha"": 0.03225806451612903, ""underage"": null}",3666951.0,118288.74193548386,91.33287504389865,15
ewf,grid,"{""cost"": ""newsvendor"", ""eta"": 0.00013894954943731373, ""feedback"": ""censored"", ""gamma"": 0.0, ""overage"": null, ""share_alpha"": 0.03225806451612903, ""underage"": null}",3666834.0,118284.96774193548,91.32996092086287,16
ewf,grid,"{""cost"": ""newsvendor"", ""eta"": 0.000244205309454865, ""feedback"": ""censored"", ""gamma"": 0.0, ""overage"": null, ""share_alpha"": 0.03225806451612903, ""underage"": null}",3666196.0,118264.3870967742,91.31407023285587,17
ewf,grid,"{""cost"": ""newsvendor"", ""eta"": 0.0007543120063354615, ""feedback"": ""censored"", ""gamma"": 0.0, ""overage"": null, ""share_alpha"": 0.03225806451612903, ""underage"": null}",3665951.0,118256.48387096774,91.30796800940489,18
ewf,grid,"{""cost"": ""newsvendor"", ""eta"": 4.498432668969444e-05, ""feedback"": ""censored"", ""gamma"": 0.0, ""overage"": null, ""share_alpha"": 0.1, ""underage"": null}",3665534.0,118243.03225806452,91.29758177602099,19
ewf,grid,"{""cost"": ""newsvendor"", ""eta"": 7.906043210907701e-05, ""feedback"": ""censored"", ""gamma"": 0.05, ""overage"": null, ""share_alpha"": 0.03225806451612903, ""underage"": null}",3664496.0,118209.54838709677,91.27172827421649,20
ewf,grid,"{""cost"": ""newsvendor"", ""eta"": 5.4286754393238594e-05, ""feedback"": ""censored"", ""gamma"": 0.0, ""overage"": null, ""share_alpha"": 0.03225806451612903, ""underage"": null}",3663782.0,118186.51612903226,91.25394465158794,21
ewf,grid,"{""cost"": ""newsvendor"", ""eta"": 0.0006250551925273969, ""feedback"": ""censored"", ""gamma"": 0.02, ""overage"": null, ""share_alpha"": 0.03225806451612903, ""underage"": null}",3663398.0,118174.12903225806,91.24438035034234,22
ewf,grid,"{""cost"": ""newsvendor"", ""eta"": 2.559547922699533e-05, ""feedback"": ""censored"", ""gamma"": 0.0, ""overage"": null, ""share_alpha"": 0.1, ""underage"": null}",3662409.0,118142.2258064516,91.21974729322802,23
ewf,grid,"{""cost"": ""newsvendor"", ""eta"": 0.00011513953993264469, ""feedback"": ""censored"", ""gamma"": 0.0, ""overage"": null, ""share_alpha"": 0.03225806451612903, ""underage"": null}",3660834.0,118091.41935483871,91.18051871390037,24
ewf,grid,"{""cost"": ""newsvendor"", ""eta"": 5.4286754393238594e-05, ""feedback"": ""censored"", ""gamma"": 0.02, ""overage"": null, ""share_alpha"": 0.03225806451612903, ""underage"": null}",3660782.0,118089.74193548386,91.17922354810669,25
ewf,grid,"{""cost"": ""newsvendor"", ""eta"": 0.00013894954943731373, ""feedback"": ""censored"", ""gamma"": 0.02, ""overage"": null, ""share_alpha"": 0.03225806451612903, ""underage"": null}",3659834.0,118059.16129032258,91.15561167940662,26
ewf,grid,"{""cost"": ""newsvendor"", ""eta"": 3.727593720314938e-05, ""feedback"": ""censored"", ""gamma"": 0.0, ""overage"": null, ""share_alpha"": 0.1, ""underage"": null}",3659622.0,118052.32258064517,91.15033138809395,27
ewf,grid,"{""cost"": ""newsvendor"", ""eta"": 7.906043210907701e-05, ""feedback"": ""censored"", ""gamma"": 0.0, ""overage"": null, ""share_alpha"": 0.03225806451612903, ""underage"": null}",3658223.0,118007.19354838709,91.11548644683718,28
ewf,grid,"{""cost"": ""newsvendor"", ""eta"": 0.0007543120063354615, ""feedback"": ""censored"", ""gamma"": 0.02, ""overage"": null, ""share_alpha"": 0.03225806451612903, ""underage"": null}",3658087.0,118002.80645161291,91.11209909014603,29
ewf,grid,"{""cost"": ""newsvendor"", ""eta"": 0.00013894954943731373, ""feedback"": ""censored"", ""gamma"": 0.05, ""overage"": null, ""share_alpha"": 0.03225806451612903, ""underage"": null}",3657834.0,117994.64516129032,91.10579761041912,30
ewf,grid,"{""cost"": ""newsvendor"", ""eta"": 7.906043210907701e-05, ""feedback"": ""censored"", ""gamma"": 0.02, ""overage"": null, ""share_alpha"": 0.03225806451612903, ""underage"": null}",3657223.0,117974.93548387097,91.09057941234343,31
ewf,grid,"{""cost"": ""newsvendor"", ""eta"": 6.55128556859551e-05, ""feedback"": ""censored"", ""gamma"": 0.02, ""overage"": null, ""share_alpha"": 0.03225806451612903, ""underage"": null}",3656496.0,117951.48387096774,91.07247199826647,32
ewf,grid,"{""cost"": ""newsvendor"", ""eta"": 0.000244205309454865, ""feedback"": ""censored"", ""gamma"": 0.05, ""overage"": null, ""share_alpha"": 0.03225806451612903, ""underage"": null}",3655817.0,117929.58064516129,91.05556012184522,33
ewf,grid,"{""cost"": ""newsvendor"", ""eta"": 0.00011513953993264469, ""feedback"": ""censored"", ""gamma"": 0.05, ""overage"": null, ""share_alpha"": 0.03225806451612903, ""underage"": null}",3655124.0,117907.2258064516,91.03829954694103,34
ewf,grid,"{""cost"": ""newsvendor"", ""eta"": 9.540954763499944e-05, ""feedback"": ""censored"", ""gamma"": 0.0, ""overage"": null, ""share_alpha"": 0.03225806451612903, ""underage"": null}",3654922.0,117900.70967741935,91.03326832597331,35
ewf,grid,"{""cost"": ""newsvendor"", ""eta"": 0.00035564803062231287, ""feedback"": ""censored"", ""gamma"": 0.05, ""overage"": null, ""share_alpha"": 0.03225806451612903, ""underage"": null}",3653836.0,117865.67741935483,91.00621928651309,36
ewf,grid,"{""cost"": ""newsvendor"", ""eta"": 0.00011513953993264469, ""feedback"": ""censored"", ""gamma"": 0.02, ""overage"": null, ""share_alpha"": 0.03225806451612903, ""underage"": null}",3653834.0,117865.6129032258,91.0061694724441,37
ewf,grid,"{""cost"": ""newsvendor"", ""eta"": 0.0006250551925273969, ""feedback"": ""censored"", ""gamma"": 0.05, ""overage"": null, ""share_alpha"": 0.03225806451612903, ""underage"": null}",3653087.0,117841.51612903226,90.98756391767728,38
ewf,grid,"{""cost"": ""newsvendor"", ""eta"": 0.00016768329368110067, ""feedback"": ""censored"", ""gamma"": 0.0, ""overage"": null, ""share_alpha"": 0.03225806451612903, ""underage"": null}",3650682.0,117763.93548387097,90.9276624997198,39
ewf,grid,"{""cost"": ""newsvendor"", ""eta"": 0.00029470517025518097, ""feedback"": ""censored"", ""gamma"": 0.0, ""overage"": null, ""share_alpha"": 0.03225806451612903, ""underage"": null}",3650159.0,117747.06451612903,90.91463612067956,40
ewf,grid,"{""cost"": ""newsvendor"", ""eta"": 0.00042919342601287783, ""feedback"": ""censored"", ""gamma"": 0.0, ""overage"": null, ""share_alpha"": 0.1, ""underage"": null}",3650121.0,117745.83870967742,90.9136896533688,41
ewf,grid,"{""cost"": ""newsvendor"", ""eta"": 0.0009102981779915217, ""feedback"": ""censored"", ""gamma"": 0.02, ""overage"": null, ""share_alpha"": 0.03225806451612903, ""underage"": null}",3650087.0,117744.74193548386,90.91284281419601,42
ewf,grid,"{""cost"": ""newsvendor"", ""eta"": 0.00035564803062231287, ""feedback"": ""censored"", ""gamma"": 0.02, ""overage"": null, ""share_alpha"": 0.03225806451612903, ""underage"": null}",3649449.0,117724.16129032258,90.896952126189,43
ewf,grid,"{""cost"": ""newsvendor"", ""eta"": 0.00035564803062231287, ""feedback"": ""censored"", ""gamma"": 0.0, ""overage"": null, ""share_alpha"": 0.03225806451612903, ""underage"": null}",3649159.0,117714.80645161291,90.88972908618581,44
ewf,grid,"{""cost"": ""newsvendor"", ""eta"": 6.55128556859551e-05, ""feedback"": ""censored"", ""gamma"": 0.05, ""overage"": null, ""share_alpha"": 0.03225806451612903, ""underage"": null}",3648496.0,117693.41935483871,90.87321572231646,45
ewf,grid,"{""cost"": ""newsvendor"", ""eta"": 0.00029470517025518097, ""feedback"": ""censored"", ""gamma"": 0.02, ""overage"": null, ""share_alpha"": 0.03225806451612903, ""underage"": null}",3648159.0,117682.54838709677,90.86482205169206,46
ewf,grid,"{""cost"": ""newsvendor"", ""eta"": 9.540954763499944e-05, ""feedback"": ""censored"", ""gamma"": 0.02, ""overage"": null, ""share_alpha"": 0.03225806451612903, ""underage"": null}",3647922.0,117674.90322580645,90.85891908451704,47
ewf,grid,"{""cost"": ""newsvendor"", ""eta"": 5.4286754393238594e-05, ""feedback"": ""censored"", ""gamma"": 0.0, ""overage"": null, ""share_alpha"": 0.1, ""underage"": null}",3647528.0,117662.19354838709,90.8491057129265,48
ewf,grid,"{""cost"": ""newsvendor"", ""eta"": 6.55128556859551e-05, ""feedback"": ""censored"", ""gamma"": 0.0, ""overage"": null, ""share_alpha"": 0.1, ""underage"": null}",3642940.0,117514.19354838709,90.73483223866917,49
ewf,grid,"{""cost"": ""newsvendor"", ""eta"": 0.0010985411419875584, ""feedback"": ""censored"", ""gamma"": 0.0, ""overage"": null, ""share_alpha"": 0.03225806451612903, ""underage"": null}",3641267.0,117460.2258064516,90.69316276996112,50
ewf,grid,"{""cost"": ""newsvendor"", ""eta"": 9.540954763499944e-05, ""feedback"": ""censored"", ""gamma"": 0.05, ""overage"": null, ""share_alpha"": 0.03225806451612903, ""underage"": null}",3640922.0,117449.09677419355,90.68456984306079,51
ewf,grid,"{""cost"": ""newsvendor"", ""eta"": 0.0009102981779915217, ""feedback"": ""censored"", ""gamma"": 0.05, ""overage"": null, ""share_alpha"": 0.03225806451612903, ""underage"": null}",3640351.0,117430.67741935483,90.67034792636484,52
ewf,grid,"{""cost"": ""newsvendor"", ""eta"": 4.498432668969444e-05, ""feedback"": ""censored"", ""gamma"": 0.05, ""overage"": null, ""share_alpha"": 0.0, ""underage"": null}",3639716.0,117410.19354838709,90.65453195946131,53
ewf,grid,"{""cost"": ""newsvendor"", ""eta"": 4.498432668969444e-05, ""feedback"": ""censored"", ""gamma"": 0.0, ""overage"": null, ""share_alpha"": 0.0, ""underage"": null}",3639716.0,117410.19354838709,90.65453195946131,53
ewf,grid,"{""cost"": ""newsvendor"", ""eta"": 0.00016768329368110067, ""feedback"": ""censored"", ""gamma"": 0.02, ""overage"": null, ""share_alpha"": 0.03225806451612903, ""underage"": null}",3639682.0,117409.09677419355,90.65368512028851,55
ewf,grid,"{""cost"": ""newsvendor"", ""eta"": 4.498432668969444e-05, ""feedback"": ""censored"", ""gamma"": 0.02, ""overage"": null, ""share_alpha"": 0.1, ""underage"": null}",3639534.0,117404.32258064517,90.64999887918344,56
ewf,grid,"{""cost"": ""newsvendor"", ""eta"": 4.498432668969444e-05, ""feedback"": ""censored"", ""gamma"": 0.02, ""overage"": null, ""share_alpha"": 0.0, ""underage"": null}",3638716.0,117377.93548387097,90.62962492496756,57
ewf,grid,"{""cost"": ""newsvendor"", ""eta"": 5.4286754393238594e-05, ""feedback"": ""censored"", ""gamma"": 0.05, ""overage"": null, ""share_alpha"": 0.0, ""underage"": null}",3638716.0,117377.93548387097,90.62962492496756,57
ewf,grid,"{""cost"": ""newsvendor"", ""eta"": 0.00020235896477251554, ""feedback"": ""censored"", ""gamma"": 0.0, ""overage"": null, ""share_alpha"": 0.03225806451612903, ""underage"": null}",3638533.0,117372.03225806452,90.62506693765519,59
ewf,grid,"{""cost"": ""newsvendor"", ""eta"": 0.0007543120063354615, ""feedback"": ""censored"", ""gamma"": 0.05, ""overage"": null, ""share_alpha"": 0.03225806451612903, ""underage"": null}",3637138.0,117327.03225806452,90.59032162453641,60
ewf,grid,"{""cost"": ""newsvendor"", ""eta"": 0.00020235896477251554, ""feedback"": ""censored"", ""gamma"": 0.02, ""overage"": null, ""share_alpha"": 0.03225806451612903, ""underage"": null}",3636533.0,117307.51612903226,90.5752528686677,61
ewf,grid,"{""cost"": ""newsvendor"", ""eta"": 2.559547922699533e-05, ""feedback"": ""censored"", ""gamma"": 0.02, ""overage"": null, ""share_alpha"": 0.1, ""underage"": null}",3635409.0,117271.25806451614,90.54725736189671,62
ewf,grid,"{""cost"": ""newsvendor"", ""eta"": 7.906043210907701e-05, ""feedback"": ""censored"", ""gamma"": 0.0, ""overage"": null, ""share_alpha"": 0.1, ""underage"": null}",3634867.0,117253.7741935484,90.5337577492011,63
ewf,grid,"{""cost"": ""newsvendor"", ""eta"": 9.540954763499944e-05, ""feedback"": ""censored"", ""gamma"": 0.0, ""overage"": null, ""share_alpha"": 0.1, ""underage"": null}",3634590.0,117244.83870967742,90.52685850064634,64
ewf,grid,"{""cost"": ""newsvendor"", ""eta"": 0.00020235896477251554, ""feedback"": ""censored"", ""gamma"": 0.05, ""overage"": null, ""share_alpha"": 0.03225806451612903, ""underage"": null}",3633485.0,117209.19354838709,90.49933622753075,65
ewf,grid,"{""cost"": ""newsvendor"", ""eta"": 3.0888435964774785e-05, ""feedback"": ""censored"", ""gamma"": 0.0, ""overage"": null, ""share_alpha"": 0.1, ""underage"": null}",3632945.0,117191.7741935484,90.48588642890411,66
ewf,grid,"{""cost"": ""newsvendor"", ""eta"": 3.0888435964774785e-05, ""feedback"": ""censored"", ""gamma"": 0.05, ""overage"": null, ""share_alpha"": 0.0, ""underage"": null}",3632901.0,117190.35483870968,90.4847905193864,67
ewf,grid,"{""cost"": ""newsvendor"", ""eta"": 6.55128556859551e-05, ""feedback"": ""censored"", ""gamma"": 0.02, ""overage"": null, ""share_alpha"": 0.1, ""underage"": null}",3631940.0,117159.35483870968,90.4608548592379,68
ewf,grid,"{""cost"": ""newsvendor"", ""eta"": 3.727593720314938e-05, ""feedback"": ""censored"", ""gamma"": 0.05, ""overage"": null, ""share_alpha"": 0.0, ""underage"": null}",3631716.0,117152.12903225806,90.45527568351129,69
ewf,grid,"{""cost"": ""newsvendor"", ""eta"": 5.4286754393238594e-05, ""feedback"": ""censored"", ""gamma"": 0.02, ""overage"": null, ""share_alpha"": 0.1, ""underage"": null}",3631528.0,117146.06451612903,90.45059316102648,70
ewf,grid,"{""cost"": ""newsvendor"", ""eta"": 2.1209508879201926e-05, ""feedback"": ""censored"", ""gamma"": 0.0, ""overage"": null, ""share_alpha"": 0.1, ""underage"": null}",3631033.0,117130.09677419355,90.43826417895207,71
ewf,grid,"{""cost"": ""newsvendor"", ""eta"": 1.4563484775012445e-05, ""feedback"": ""censored"", ""gamma"": 0.02, ""overage"": null, ""share_alpha"": 0.1, ""underage"": null}",3628540.0,117049.67741935483,90.37617094195913,72
ewf,grid,"{""cost"": ""newsvendor"", ""eta"": 0.00011513953993264469, ""feedback"": ""censored"", ""gamma"": 0.0, ""overage"": null, ""share_alpha"": 0.1, ""underage"": null}",3628377.0,117044.41935483871,90.37211109533666,73
ewf,grid,"{""cost"": ""newsvendor"", ""eta"": 3.727593720314938e-05, ""feedback"": ""censored"", ""gamma"": 0.02, ""overage"": null, ""share_alpha"": 0.1, ""underage"": null}",3627534.0,117017.2258064516,90.35111446525842,74
ewf,grid,"{""cost"": ""newsvendor"", ""eta"": 0.00016768329368110067, ""feedback"": ""censored"", ""gamma"": 0.05, ""overage"": null, ""share_alpha"": 0.03225806451612903, ""underage"": null}",3626416.0,116981.16129032258,90.32326840069442,75
ewf,grid,"{""cost"": ""newsvendor"", ""eta"": 0.0010985411419875584, ""feedback"": ""censored"", ""gamma"": 0.02, ""overage"": null, ""share_alpha"": 0.03225806451612903, ""underage"": null}",3623267.0,116879.58064516129,90.24483614907358,76
ewf,grid,"{""cost"": ""newsvendor"", ""eta"": 3.727593720314938e-05, ""feedback"": ""censored"", ""gamma"": 0.0, ""overage"": null, ""share_alpha"": 0.0, ""underage"": null}",3620896.0,116803.09677419355,90.1857815702889,77
ewf,grid,"{""cost"": ""newsvendor"", ""eta"": 7.906043210907701e-05, ""feedback"": ""censored"", ""gamma"": 0.0, ""overage"": null, ""share_alpha"": 0.0, ""underage"": null}",3620716.0,116797.29032258065,90.18129830408003,78
ewf,grid,"{""cost"": ""newsvendor"", ""eta"": 4.498432668969444e-05, ""feedback"": ""censored"", ""gamma"": 0.05, ""overage"": null, ""share_alpha"": 0.1, ""underage"": null}",3620321.0,116784.54838709677,90.17146002545499,79
ewf,grid,"{""cost"": ""newsvendor"", ""eta"": 7.906043210907701e-05, ""feedback"": ""censored"", ""gamma"": 0.05, ""overage"": null, ""share_alpha"": 0.0, ""underage"": null}",3620248.0,116782.19354838709,90.16964181193694,80
ewf,grid,"{""cost"": ""newsvendor"", ""eta"": 7.906043210907701e-05, ""feedback"": ""censored"", ""gamma"": 0.02, ""overage"": null, ""share_alpha"": 0.0, ""underage"": null}",3620248.0,116782.19354838709,90.16964181193694,80
ewf,grid,"{""cost"": ""newsvendor"", ""eta"": 0.00042919342601287783, ""feedback"": ""censored"", ""gamma"": 0.02, ""overage"": null, ""share_alpha"": 0.1, ""underage"": null}",3620033.0,116775.25806451614,90.16428679952078,82
ewf,grid,"{""cost"": ""newsvendor"", ""eta"": 3.727593720314938e-05, ""feedback"": ""censored"", ""gamma"": 0.02, ""overage"": null, ""share_alpha"": 0.0, ""underage"": null}",3619896.0,116770.83870967742,90.16087453579514,83
ewf,grid,"{""cost"": ""newsvendor"", ""eta"": 0.0005179474679231213, ""feedback"": ""censored"", ""gamma"": 0.0, ""overage"": null, ""share_alpha"": 0.1, ""underage"": null}",3619851.0,116769.3870967742,90.15975371924293,84
ewf,grid,"{""cost"": ""newsvendor"", ""eta"": 6.55128556859551e-05, ""feedback"": ""censored"", ""gamma"": 0.02, ""overage"": null, ""share_alpha"": 0.0, ""underage"": null}",3619248.0,116749.93548387097,90.14473477744319,85
ewf,grid,"{""cost"": ""newsvendor"", ""eta"": 6.55128556859551e-05, ""feedback"": ""censored"", ""gamma"": 0.05, ""overage"": null, ""share_alpha"": 0.0, ""underage"": null}",3619248.0,116749.93548387097,90.14473477744319,85
ewf,grid,"{""cost"": ""newsvendor"", ""eta"": 6.55128556859551e-05, ""feedback"": ""censored"", ""gamma"": 0.0, ""overage"": null, ""share_alpha"": 0.0, ""underage"": null}",3619248.0,116749.93548387097,90.14473477744319,85
ewf,grid,"{""cost"": ""newsvendor"", ""eta"": 3.0888435964774785e-05, ""feedback"": ""censored"", ""gamma"": 0.02, ""overage"": null, ""share_alpha"": 0.0, ""underage"": null}",3619081.0,116744.54838709677,90.14057530268273,88
ewf,grid,"{""cost"": ""newsvendor"", ""eta"": 3.0888435964774785e-05, ""feedback"": ""censored"", ""gamma"": 0.0, ""overage"": null, ""share_alpha"": 0.0, ""underage"": null}",3618081.0,116712.29032258065,90.11566826818898,89
ewf,grid,"{""cost"": ""newsvendor"", ""eta"": 0.0005179474679231213, ""feedback"": ""censored"", ""gamma"": 0.02, ""overage"": null, ""share_alpha"": 0.1, ""underage"": null}",3617851.0,116704.87096774194,90.10993965025543,90
ewf,grid,"{""cost"": ""newsvendor"", ""eta"": 5.4286754393238594e-05, ""feedback"": ""censored"", ""gamma"": 0.0, ""overage"": null, ""share_alpha"": 0.0, ""underage"": null}",3616248.0,116653.16129032258,90.07001367396194,91
ewf,grid,"{""cost"": ""newsvendor"", ""eta"": 5.4286754393238594e-05, ""feedback"": ""censored"", ""gamma"": 0.02, ""overage"": null, ""share_alpha"": 0.0, ""underage"": null}",3616248.0,116653.16129032258,90.07001367396194,91
ewf,grid,"{""cost"": ""newsvendor"", ""eta"": 9.540954763499944e-05, ""feedback"": ""censored"", ""gamma"": 0.02, ""overage"": null, ""share_alpha"": 0.1, ""underage"": null}",3615590.0,116631.93548387097,90.05362484526505,93
ewf,grid,"{""cost"": ""newsvendor"", ""eta"": 1.4563484775012445e-05, ""feedback"": ""censored"", ""gamma"": 0.05, ""overage"": null, ""share_alpha"": 0.0, ""underage"": null}",3615572.0,116631.35483870968,90.05317651864416,94
ewf,grid,"{""cost"": ""newsvendor"", ""eta"": 0.00011513953993264469, ""feedback"": ""censored"", ""gamma"": 0.02, ""overage"": null, ""share_alpha"": 0.1, ""underage"": null}",3615377.0,116625.06451612903,90.04831964691788,95
ewf,grid,"{""cost"": ""newsvendor"", ""eta"": 1e-05, ""feedback"": ""censored"", ""gamma"": 0.05, ""overage"": null, ""share_alpha"": 0.03225806451612903, ""underage"": null}",3614725.0,116604.03225806452,90.03208026042795,96
ewf,grid,"{""cost"": ""newsvendor"", ""eta"": 4.498432668969444e-05, ""feedback"": ""censored"", ""gamma"": 0.05, ""overage"": null, ""share_alpha"": 0.03225806451612903, ""underage"": null}",3613789.0,116573.83870967742,90.0087672761418,97
ewf,grid,"{""cost"": ""newsvendor"", ""eta"": 3.0888435964774785e-05, ""feedback"": ""censored"", ""gamma"": 0.02, ""overage"": null, ""share_alpha"": 0.1, ""underage"": null}",3613534.0,116565.6129032258,90.0024159823459,98
ewf,grid,"{""cost"": ""newsvendor"", ""eta"": 1.757510624854793e-05, ""feedback"": ""censored"", ""gamma"": 0.02, ""overage"": null, ""share_alpha"": 0.0, ""underage"": null}",3612926.0,116546.0,89.9872725053737,99
ewf,grid,"{""cost"": ""newsvendor"", ""eta"": 5.4286754393238594e-05, ""feedback"": ""censored"", ""gamma"": 0.05, ""overage"": null, ""share_alpha"": 0.1, ""underage"": null}",3612251.0,116524.2258064516,89.97046025709041,100
ewf,grid,"{""cost"": ""newsvendor"", ""eta"": 2.559547922699533e-05, ""feedback"": ""censored"", ""gamma"": 0.05, ""overage"": null, ""share_alpha"": 0.0, ""underage"": null}",3610834.0,116478.51612903226,89.93516698921276,101
ewf,grid,"{""cost"": ""newsvendor"", ""eta"": 1.2067926406393289e-05, ""feedback"": ""censored"", ""gamma"": 0.0, ""overage"": null, ""share_alpha"": 0.0, ""underage"": null}",3609622.0,116439.41935483871,89.90497966340634,102
ewf,grid,"{""cost"": ""newsvendor"", ""eta"": 0.00035564803062231287, ""feedback"": ""censored"", ""gamma"": 0.0, ""overage"": null, ""share_alpha"": 0.1, ""underage"": null}",3609221.0,116426.48387096774,89.89499194257434,103
ewf,grid,"{""cost"": ""newsvendor"", ""eta"": 6.55128556859551e-05, ""feedback"": ""censored"", ""gamma"": 0.05, ""overage"": null, ""share_alpha"": 0.1, ""underage"": null}",3608704.0,116409.80645161291,89.88211500574107,104
ewf,grid,"{""cost"": ""newsvendor"", ""eta"": 1e-05, ""feedback"": ""censored"", ""gamma"": 0.0, ""overage"": null, ""share_alpha"": 0.03225806451612903, ""underage"": null}",3607440.0,116369.03225806452,89.85063251414097,105
ewf,grid,"{""cost"": ""newsvendor"", ""eta"": 0.0010985411419875584, ""feedback"": ""censored"", ""gamma"": 0.05, ""overage"": null, ""share_alpha"": 0.03225806451612903, ""underage"": null}",3607267.0,116363.45161290323,89.84632359717355,106
ewf,grid,"{""cost"": ""newsvendor"", ""eta"": 1.4563484775012445e-05, ""feedback"": ""censored"", ""gamma"": 0.02, ""overage"": null, ""share_alpha"": 0.0, ""underage"": null}",3607211.0,116361.64516129032,89.8449288032419,107
ewf,grid,"{""cost"": ""newsvendor"", ""eta"": 1.4563484775012445e-05, ""feedback"": ""censored"", ""gamma"": 0.0, ""overage"": null, ""share_alpha"": 0.0, ""underage"": null}",3606211.0,116329.3870967742,89.82002176874815,108
ewf,grid,"{""cost"": ""newsvendor"", ""eta"": 2.1209508879201926e-05, ""feedback"": ""censored"", ""gamma"": 0.02, ""overage"": null, ""share_alpha"": 0.1, ""underage"": null}",3604033.0,116259.12903225806,89.76577424762075,109
ewf,grid,"{""cost"": ""newsvendor"", ""eta"": 1.4563484775012445e-05, ""feedback"": ""censored"", ""gamma"": 0.05, ""overage"": null, ""share_alpha"": 0.1, ""underage"": null}",3603540.0,116243.2258064516,89.75349507961533,110
ewf,grid,"{""cost"": ""newsvendor"", ""eta"": 2.559547922699533e-05, ""feedback"": ""censored"", ""gamma"": 0.0, ""overage"": null, ""share_alpha"": 0.0, ""underage"": null}",3602278.0,116202.51612903226,89.72206240208422,111
ewf,grid,"{""cost"": ""newsvendor"", ""eta"": 2.559547922699533e-05, ""feedback"": ""censored"", ""gamma"": 0.02, ""overage"": null, ""share_alpha"": 0.0, ""underage"": null}",3602278.0,116202.51612903226,89.72206240208422,111
ewf,grid,"{""cost"": ""newsvendor"", ""eta"": 1.757510624854793e-05, ""feedback"": ""censored"", ""gamma"": 0.0, ""overage"": null, ""share_alpha"": 0.1, ""underage"": null}",3602033.0,116194.6129032258,89.71596017863325,113
ewf,grid,"{""cost"": ""newsvendor"", ""eta"": 7.906043210907701e-05, ""feedback"": ""censored"", ""gamma"": 0.02, ""overage"": null, ""share_alpha"": 0.1, ""underage"": null}",3600917.0,116158.6129032258,89.68816392813822,114
ewf,grid,"{""cost"": ""newsvendor"", ""eta"": 0.00035564803062231287, ""feedback"": ""censored"", ""gamma"": 0.02, ""overage"": null, ""share_alpha"": 0.1, ""underage"": null}",3597221.0,116039.3870967742,89.59610752864931,115
ewf,grid,"{""cost"": ""newsvendor"", ""eta"": 1.757510624854793e-05, ""feedback"": ""censored"", ""gamma"": 0.0, ""overage"": null, ""share_alpha"": 0.03225806451612903, ""underage"": null}",3596622.0,116020.06451612903,89.58118821498756,116
ewf,grid,"{""cost"": ""newsvendor"", ""eta"": 1.757510624854793e-05, ""feedback"": ""censored"", ""gamma"": 0.0, ""overage"": null, ""share_alpha"": 0.0, ""underage"": null}",3595408.0,115980.90322580645,89.55095107511214,117
ewf,grid,"{""cost"": ""newsvendor"", ""eta"": 0.0013257113655901081, ""feedback"": ""censored"", ""gamma"": 0.02, ""overage"": null, ""share_alpha"": 0.03225806451612903, ""underage"": null}",3595267.0,115976.35483870968,89.54743918324853,118
ewf,grid,"{""cost"": ""newsvendor"", ""eta"": 2.559547922699533e-05, ""feedback"": ""censored"", ""gamma"": 0.05, ""overage"": null, ""share_alpha"": 0.1, ""underage"": null}",3593132.0,115907.48387096774,89.49426266460436,119
ewf,grid,"{""cost"": ""newsvendor"", ""eta"": 0.0013257113655901081, ""feedback"": ""censored"", ""gamma"": 0.05, ""overage"": null, ""share_alpha"": 0.03225806451612903, ""underage"": null}",3592857.0,115898.6129032258,89.48741323011859,120
ewf,grid,"{""cost"": ""newsvendor"", ""eta"": 1.757510624854793e-05, ""feedback"": ""censored"", ""gamma"": 0.02, ""overage"": null, ""share_alpha"": 0.03225806451612903, ""underage"": null}",3592622.0,115891.03225806452,89.48156007701255,121
ewf,grid,"{""cost"": ""newsvendor"", ""eta"": 1e-05, ""feedback"": ""censored"", ""gamma"": 0.0, ""overage"": null, ""share_alpha"": 0.1, ""underage"": null}",3592540.0,115888.3870967742,89.47951770018406,122
ewf,grid,"{""cost"": ""newsvendor"", ""eta"": 1.2067926406393289e-05, ""feedback"": ""censored"", ""gamma"": 0.0, ""overage"": null, ""share_alpha"": 0.03225806451612903, ""underage"": null}",3591938.0,115868.96774193548,89.46452366541882,123
ewf,grid,"{""cost"": ""newsvendor"", ""eta"": 2.559547922699533e-05, ""feedback"": ""censored"", ""gamma"": 0.0, ""overage"": null, ""share_alpha"": 0.03225806451612903, ""underage"": null}",3591719.0,115861.90322580645,89.45906902486469,124
ewf,grid,"{""cost"": ""newsvendor"", ""eta"": 1e-05, ""feedback"": ""censored"", ""gamma"": 0.02, ""overage"": null, ""share_alpha"": 0.03225806451612903, ""underage"": null}",3591440.0,115852.90322580645,89.45211996224094,125
ewf,grid,"{""cost"": ""newsvendor"", ""eta"": 2.1209508879201926e-05, ""feedback"": ""censored"", ""gamma"": 0.05, ""overage"": null, ""share_alpha"": 0.0, ""underage"": null}",3590549.0,115824.16129032258,89.42992779450701,126
ewf,grid,"{""cost"": ""newsvendor"", ""eta"": 0.0013257113655901081, ""feedback"": ""censored"", ""gamma"": 0.0, ""overage"": null, ""share_alpha"": 0.03225806451612903, ""underage"": null}",3590267.0,115815.06451612903,89.42290401077977,127
ewf,grid,"{""cost"": ""newsvendor"", ""eta"": 7.906043210907701e-05, ""feedback"": ""censored"", ""gamma"": 0.05, ""overage"": null, ""share_alpha"": 0.1, ""underage"": null}",3589917.0,115803.7741935484,89.41418654870695,128
ewf,grid,"{""cost"": ""newsvendor"", ""eta"": 0.00020235896477251554, ""feedback"": ""censored"", ""gamma"": 0.02, ""overage"": null, ""share_alpha"": 0.0, ""underage"": null}",3589261.0,115782.6129032258,89.39784753407905,129
ewf,grid,"{""cost"": ""newsvendor"", ""eta"": 0.00029470517025518097, ""feedback"": ""censored"", ""gamma"": 0.02, ""overage"": null, ""share_alpha"": 0.0, ""underage"": null}",3589261.0,115782.6129032258,89.39784753407905,129
ewf,grid,"{""cost"": ""newsvendor"", ""eta"": 0.000244205309454865, ""feedback"": ""censored"", ""gamma"": 0.0, ""overage"": null, ""share_alpha"": 0.0, ""underage"": null}",3589261.0,115782.6129032258,89.39784753407905,129
ewf,grid,"{""cost"": ""newsvendor"", ""eta"": 0.00020235896477251554, ""feedback"": ""censored"", ""gamma"": 0.0, ""overage"": null, ""share_alpha"": 0.0, ""underage"": null}",3589261.0,115782.6129032258,89.39784753407905,129
ewf,grid,"{""cost"": ""newsvendor"", ""eta"": 0.000244205309454865, ""feedback"": ""censored"", ""gamma"": 0.02, ""overage"": null, ""share_alpha"": 0.0, ""underage"": null}",3589261.0,115782.6129032258,89.39784753407905,129
ewf,grid,"{""cost"": ""newsvendor"", ""eta"": 0.00029470517025518097, ""feedback"": ""censored"", ""gamma"": 0.0, ""overage"": null, ""share_alpha"": 0.1, ""underage"": null}",3589221.0,115781.32258064517,89.3968512526993,134
ewf,grid,"{""cost"": ""newsvendor"", ""eta"": 1.2067926406393289e-05, ""feedback"": ""censored"", ""gamma"": 0.02, ""overage"": null, ""share_alpha"": 0.03225806451612903, ""underage"": null}",3588938.0,115772.19354838709,89.38980256193757,135
ewf,grid,"{""cost"": ""newsvendor"", ""eta"": 2.559547922699533e-05, ""feedback"": ""censored"", ""gamma"": 0.02, ""overage"": null, ""share_alpha"": 0.03225806451612903, ""underage"": null}",3588719.0,115765.12903225806,89.38434792138344,136
ewf,grid,"{""cost"": ""newsvendor"", ""eta"": 1.757510624854793e-05, ""feedback"": ""censored"", ""gamma"": 0.05, ""overage"": null, ""share_alpha"": 0.03225806451612903, ""underage"": null}",3588622.0,115762.0,89.38193193903754,137
ewf,grid,"{""cost"": ""newsvendor"", ""eta"": 9.540954763499944e-05, ""feedback"": ""censored"", ""gamma"": 0.05, ""overage"": null, ""share_alpha"": 0.1, ""underage"": null}",3588590.0,115760.96774193548,89.38113491393375,138
ewf,grid,"{""cost"": ""newsvendor"", ""eta"": 0.0033932217718953264, ""feedback"": ""censored"", ""gamma"": 0.05, ""overage"": null, ""share_alpha"": 0.0, ""underage"": null}",3588261.0,115750.35483870968,89.3729404995853,139
ewf,grid,"{""cost"": ""newsvendor"", ""eta"": 0.026826957952797246, ""feedback"": ""censored"", ""gamma"": 0.05, ""overage"": null, ""share_alpha"": 0.0, ""underage"": null}",3588261.0,115750.35483870968,89.3729404995853,139
ewf,grid,"{""cost"": ""newsvendor"", ""eta"": 0.010481131341546853, ""feedback"": ""censored"", ""gamma"": 0.05, ""overage"": null, ""share_alpha"": 0.0, ""underage"": null}",3588261.0,115750.35483870968,89.3729404995853,139
ewf,grid,"{""cost"": ""newsvendor"", ""eta"": 0.002811768697974228, ""feedback"": ""censored"", ""gamma"": 0.05, ""overage"": null, ""share_alpha"": 0.0, ""underage"": null}",3588261.0,115750.35483870968,89.3729404995853,139
ewf,grid,"{""cost"": ""newsvendor"", ""eta"": 0.0013257113655901081, ""feedback"": ""censored"", ""gamma"": 0.05, ""overage"": null, ""share_alpha"": 0.0, ""underage"": null}",3588261.0,115750.35483870968,89.3729404995853,139
ewf,grid,"{""cost"": ""newsvendor"", ""eta"": 0.08286427728546843, ""feedback"": ""censored"", ""gamma"": 0.05, ""overage"": null, ""share_alpha"": 0.0, ""underage"": null}",3588261.0,115750.35483870968,89.3729404995853,139
ewf,grid,"{""cost"": ""newsvendor"", ""eta"": 0.00868511373751352, ""feedback"": ""censored"", ""gamma"": 0.05, ""overage"": null, ""share_alpha"": 0.0, ""underage"": null}",3588261.0,115750.35483870968,89.3729404995853,139
ewf,grid,"{""cost"": ""newsvendor"", ""eta"": 0.06866488450042998, ""feedback"": ""censored"", ""gamma"": 0.05, ""overage"": null, ""share_alpha"": 0.0, ""underage"": null}",3588261.0,115750.35483870968,89.3729404995853,139
ewf,grid,"{""cost"": ""newsvendor"", ""eta"": 0.0009102981779915217, ""feedback"": ""censored"", ""gamma"": 0.05, ""overage"": null, ""share_alpha"": 0.0, ""underage"": null}",3588261.0,115750.35483870968,89.3729404995853,139
ewf,grid,"{""cost"": ""newsvendor"", ""eta"": 0.007196856730011514, ""feedback"": ""censored"", ""gamma"": 0.05, ""overage"": null, ""share_alpha"": 0.0, ""underage"": null}",3588261.0,115750.35483870968,89.3729404995853,139
ewf,grid,"{""cost"": ""newsvendor"", ""eta"": 0.0010985411419875584, ""feedback"": ""censored"", ""gamma"": 0.05, ""overage"": null, ""share_alpha"": 0.0, ""underage"": null}",3588261.0,115750.35483870968,89.3729404995853,139
ewf,grid,"{""cost"": ""newsvendor"", ""eta"": 0.004941713361323833, ""feedback"": ""censored"", ""gamma"": 0.05, ""overage"": null, ""share_alpha"": 0.0, ""underage"": null}",3588261.0,115750.35483870968,89.3729404995853,139
ewf,grid,"{""cost"": ""newsvendor"", ""eta"": 0.0015998587196060573, ""feedback"": ""censored"", ""gamma"": 0.05, ""overage"": null, ""share_alpha"": 0.0, ""underage"": null}",3588261.0,115750.35483870968,89.3729404995853,139
ewf,grid,"{""cost"": ""newsvendor"", ""eta"": 0.012648552168552958, ""feedback"": ""censored"", ""gamma"": 0.05, ""overage"": null, ""share_alpha"": 0.0, ""underage"": null}",3588261.0,115750.35483870968,89.3729404995853,139
ewf,grid,"{""cost"": ""newsvendor"", ""eta"": 0.022229964825261933, ""feedback"": ""censored"", ""gamma"": 0.05, ""overage"": null, ""share_alpha"": 0.0, ""underage"": null}",3588261.0,115750.35483870968,89.3729404995853,139
ewf,grid,"{""cost"": ""newsvendor"", ""eta"": 0.0019306977288832496, ""feedback"": ""censored"", ""gamma"": 0.05, ""overage"": null, ""share_alpha"": 0.0, ""underage"": null}",3588261.0,115750.35483870968,89.3729404995853,139
ewf,grid,"{""cost"": ""newsvendor"", ""eta"": 0.032374575428176434, ""feedback"": ""censored"", ""gamma"": 0.05, ""overage"": null, ""share_alpha"": 0.0, ""underage"": null}",3588261.0,115750.35483870968,89.3729404995853,139
ewf,grid,"{""cost"": ""newsvendor"", ""eta"": 0.047148663634573894, ""feedback"": ""censored"", ""gamma"": 0.05, ""overage"": null, ""share_alpha"": 0.0, ""underage"": null}",3588261.0,115750.35483870968,89.3729404995853,139
ewf,grid,"{""cost"": ""newsvendor"", ""eta"": 0.039069399370546126, ""feedback"": ""censored"", ""gamma"": 0.05, ""overage"": null, ""share_alpha"": 0.0, ""underage"": null}",3588261.0,115750.35483870968,89.3729404995853,139
ewf,grid,"{""cost"": ""newsvendor"", ""eta"": 0.00042919342601287783, ""feedback"": ""censored"", ""gamma"": 0.05, ""overage"": null, ""share_alpha"": 0.0, ""underage"": null}",3588261.0,115750.35483870968,89.3729404995853,139
ewf,grid,"{""cost"": ""newsvendor"", ""eta"": 0.002329951810515372, ""feedback"": ""censored"", ""gamma"": 0.05, ""overage"": null, ""share_alpha"": 0.0, ""underage"": null}",3588261.0,115750.35483870968,89.3729404995853,139
ewf,grid,"{""cost"": ""newsvendor"", ""eta"": 0.004094915062380423, ""feedback"": ""censored"", ""gamma"": 0.05, ""overage"": null, ""share_alpha"": 0.0, ""underage"": null}",3588261.0,115750.35483870968,89.3729404995853,139
ewf,grid,"{""cost"": ""newsvendor"", ""eta"": 0.1, ""feedback"": ""censored"", ""gamma"": 0.05, ""overage"": null, ""share_alpha"": 0.0, ""underage"": null}",3588261.0,115750.35483870968,89.3729404995853,139
ewf,grid,"{""cost"": ""newsvendor"", ""eta"": 0.015264179671752318, ""feedback"": ""censored"", ""gamma"": 0.05, ""overage"": null, ""share_alpha"": 0.0, ""underage"": null}",3588261.0,115750.35483870968,89.3729404995853,139
ewf,grid,"{""cost"": ""newsvendor"", ""eta"": 0.018420699693267144, ""feedback"": ""censored"", ""gamma"": 0.05, ""overage"": null, ""share_alpha"": 0.0, ""underage"": null}",3588261.0,115750.35483870968,89.3729404995853,139
ewf,grid,"{""cost"": ""newsvendor"", ""eta"": 0.0007543120063354615, ""feedback"": ""censored"", ""gamma"": 0.05, ""overage"": null, ""share_alpha"": 0.0, ""underage"": null}",3588261.0,115750.35483870968,89.3729404995853,139
ewf,grid,"{""cost"": ""newsvendor"", ""eta"": 0.0005179474679231213, ""feedback"": ""censored"", ""gamma"": 0.05, ""overage"": null, ""share_alpha"": 0.0, ""underage"": null}",3588261.0,115750.35483870968,89.3729404995853,139
ewf,grid,"{""cost"": ""newsvendor"", ""eta"": 0.05689866029018293, ""feedback"": ""censored"", ""gamma"": 0.05, ""overage"": null, ""share_alpha"": 0.0, ""underage"": null}",3588261.0,115750.35483870968,89.3729404995853,139
ewf,grid,"{""cost"": ""newsvendor"", ""eta"": 0.0006250551925273969, ""feedback"": ""censored"", ""gamma"": 0.05, ""overage"": null, ""share_alpha"": 0.0, ""underage"": null}",3588261.0,115750.35483870968,89.3729404995853,139
ewf,grid,"{""cost"": ""newsvendor"", ""eta"": 0.005963623316594642, ""feedback"": ""censored"", ""gamma"": 0.05, ""overage"": null, ""share_alpha"": 0.0, ""underage"": null}",3588261.0,115750.35483870968,89.3729404995853,139
ewf,grid,"{""cost"": ""newsvendor"", ""eta"": 0.00013894954943731373, ""feedback"": ""censored"", ""gamma"": 0.0, ""overage"": null, ""share_alpha"": 0.0, ""underage"": null}",3588261.0,115750.35483870968,89.3729404995853,139
ewf,grid,"{""cost"": ""newsvendor"", ""eta"": 0.00016768329368110067, ""feedback"": ""censored"", ""gamma"": 0.0, ""overage"": null, ""share_alpha"": 0.0, ""underage"": null}",3588261.0,115750.35483870968,89.3729404995853,139
ewf,grid,"{""cost"": ""newsvendor"", ""eta"": 0.00016768329368110067, ""feedback"": ""censored"", ""gamma"": 0.02, ""overage"": null, ""share_alpha"": 0.0, ""underage"": null}",3588261.0,115750.35483870968,89.3729404995853,139
ewf,grid,"{""cost"": ""newsvendor"", ""eta"": 0.00029470517025518097, ""feedback"": ""censored"", ""gamma"": 0.05, ""overage"": null, ""share_alpha"": 0.0, ""underage"": null}",3587261.0,115718.09677419355,89.34803346509155,172
ewf,grid,"{""cost"": ""newsvendor"", ""eta"": 0.000244205309454865, ""feedback"": ""censored"", ""gamma"": 0.05, ""overage"": null, ""share_alpha"": 0.0, ""underage"": null}",3587261.0,115718.09677419355,89.34803346509155,172
ewf,grid,"{""cost"": ""newsvendor"", ""eta"": 0.00013894954943731373, ""feedback"": ""censored"", ""gamma"": 0.02, ""overage"": null, ""share_alpha"": 0.0, ""underage"": null}",3587261.0,115718.09677419355,89.34803346509155,172
ewf,grid,"{""cost"": ""newsvendor"", ""eta"": 0.00035564803062231287, ""feedback"": ""censored"", ""gamma"": 0.05, ""overage"": null, ""share_alpha"": 0.0, ""underage"": null}",3587261.0,115718.09677419355,89.34803346509155,172
ewf,grid,"{""cost"": ""newsvendor"", ""eta"": 0.00020235896477251554, ""feedback"": ""censored"", ""gamma"": 0.05, ""overage"": null, ""share_alpha"": 0.0, ""underage"": null}",3587261.0,115718.09677419355,89.34803346509155,172
ewf,grid,"{""cost"": ""newsvendor"", ""eta"": 0.00020235896477251554, ""feedback"": ""censored"", ""gamma"": 0.0, ""overage"": null, ""share_alpha"": 0.1, ""underage"": null}",3587183.0,115715.58064516129,89.34609071640102,177
ewf,grid,"{""cost"": ""newsvendor"", ""eta"": 1.4563484775012445e-05, ""feedback"": ""censored"", ""gamma"": 0.02, ""overage"": null, ""share_alpha"": 0.03225806451612903, ""underage"": null}",3586525.0,115694.35483870968,89.32970188770415,178
ewf,grid,"{""cost"": ""newsvendor"", ""eta"": 0.00011513953993264469, ""feedback"": ""censored"", ""gamma"": 0.05, ""overage"": null, ""share_alpha"": 0.1, ""underage"": null}",3586377.0,115689.58064516129,89.32601564659906,179
ewf,grid,"{""cost"": ""newsvendor"", ""eta"": 0.00013894954943731373, ""feedback"": ""censored"", ""gamma"": 0.02, ""overage"": null, ""share_alpha"": 0.1, ""underage"": null}",3585418.0,115658.64516129032,89.30212980051955,180
ewf,grid,"{""cost"": ""newsvendor"", ""eta"": 2.1209508879201926e-05, ""feedback"": ""censored"", ""gamma"": 0.0, ""overage"": null, ""share_alpha"": 0.0, ""underage"": null}",3585278.0,115654.12903225806,89.29864281569043,181
ewf,grid,"{""cost"": ""newsvendor"", ""eta"": 0.00011513953993264469, ""feedback"": ""censored"", ""gamma"": 0.0, ""overage"": null, ""share_alpha"": 0.0, ""underage"": null}",3585261.0,115653.58064516129,89.29821939610405,182
ewf,grid,"{""cost"": ""newsvendor"", ""eta"": 0.00011513953993264469, ""feedback"": ""censored"", ""gamma"": 0.02, ""overage"": null, ""share_alpha"": 0.0, ""underage"": null}",3585261.0,115653.58064516129,89.29821939610405,182
ewf,grid,"{""cost"": ""newsvendor"", ""eta"": 3.727593720314938e-05, ""feedback"": ""censored"", ""gamma"": 0.02, ""overage"": null, ""share_alpha"": 0.03225806451612903, ""underage"": null}",3585163.0,115650.41935483871,89.29577850672365,184
ewf,grid,"{""cost"": ""newsvendor"", ""eta"": 0.00016768329368110067, ""feedback"": ""censored"", ""gamma"": 0.05, ""overage"": null, ""share_alpha"": 0.0, ""underage"": null}",3584261.0,115621.32258064517,89.2733123616103,185
ewf,grid,"{""cost"": ""newsvendor"", ""eta"": 0.032374575428176434, ""feedback"": ""censored"", ""gamma"": 0.02, ""overage"": null, ""share_alpha"": 0.0, ""underage"": null}",3583406.0,115593.74193548386,89.25201684711813,186
ewf,grid,"{""cost"": ""newsvendor"", ""eta"": 0.015264179671752318, ""feedback"": ""censored"", ""gamma"": 0.02, ""overage"": null, ""share_alpha"": 0.0, ""underage"": null}",3583406.0,115593.74193548386,89.25201684711813,186
ewf,grid,"{""cost"": ""newsvendor"", ""eta"": 0.0019306977288832496, ""feedback"": ""censored"", ""gamma"": 0.02, ""overage"": null, ""share_alpha"": 0.0, ""underage"": null}",3583406.0,115593.74193548386,89.25201684711813,186
ewf,grid,"{""cost"": ""newsvendor"", ""eta"": 0.06866488450042998, ""feedback"": ""censored"", ""gamma"": 0.0, ""overage"": null, ""share_alpha"": 0.0, ""underage"": null}",3583406.0,115593.74193548386,89.25201684711813,186
ewf,grid,"{""cost"": ""newsvendor"", ""eta"": 0.004941713361323833, ""feedback"": ""censored"", ""gamma"": 0.02, ""overage"": null, ""share_alpha"": 0.0, ""underage"": null}",3583406.0,115593.74193548386,89.25201684711813,186
ewf,grid,"{""cost"": ""newsvendor"", ""eta"": 0.0019306977288832496, ""feedback"": ""censored"", ""gamma"": 0.0, ""overage"": null, ""share_alpha"": 0.0, ""underage"": null}",3583406.0,115593.74193548386,89.25201684711813,186
ewf,grid,"{""cost"": ""newsvendor"", ""eta"": 0.018420699693267144, ""feedback"": ""censored"", ""gamma"": 0.02, ""overage"": null, ""share_alpha"": 0.0, ""underage"": null}",3583406.0,115593.74193548386,89.25201684711813,186
ewf,grid,"{""cost"": ""newsvendor"", ""eta"": 0.06866488450042998, ""feedback"": ""censored"", ""gamma"": 0.02, ""overage"": null, ""share_alpha"": 0.0, ""underage"": null}",3583406.0,115593.74193548386,89.25201684711813,186
ewf,grid,"{""cost"": ""newsvendor"", ""eta"": 0.004094915062380423, ""feedback"": ""censored"", ""gamma"": 0.0, ""overage"": null, ""share_alpha"": 0.0, ""underage"": null}",3583406.0,115593.74193548386,89.25201684711813,186
ewf,grid,"{""cost"": ""newsvendor"", ""eta"": 0.010481131341546853, ""feedback"": ""censored"", ""gamma"": 0.02, ""overage"": null, ""share_alpha"": 0.0, ""underage"": null}",3583406.0,115593.74193548386,89.25201684711813,186
ewf,grid,"{""cost"": ""newsvendor"", ""eta"": 0.0015998587196060573, ""feedback"": ""censored"", ""gamma"": 0.02, ""overage"": null, ""share_alpha"": 0.0, ""underage"": null}",3583406.0,115593.74193548386,89.25201684711813,186
ewf,grid,"{""cost"": ""newsvendor"", ""eta"": 0.08286427728546843, ""feedback"": ""censored"", ""gamma"": 0.0, ""overage"": null, ""share_alpha"": 0.0, ""underage"": null}",3583406.0,115593.74193548386,89.25201684711813,186
ewf,grid,"{""cost"": ""newsvendor"", ""eta"": 0.0015998587196060573, ""feedback"": ""censored"", ""gamma"": 0.0, ""overage"": null, ""share_alpha"": 0.0, ""underage"": null}",3583406.0,115593.74193548386,89.25201684711813,186
ewf,grid,"{""cost"": ""newsvendor"", ""eta"": 0.08286427728546843, ""feedback"": ""censored"", ""gamma"": 0.02, ""overage"": null, ""share_alpha"": 0.0, ""underage"": null}",3583406.0,115593.74193548386,89.25201684711813,186
ewf,grid,"{""cost"": ""newsvendor"", ""eta"": 0.1, ""feedback"": ""censored"", ""gamma"": 0.0, ""overage"": null, ""share_alpha"": 0.0, ""underage"": null}",3583406.0,115593.74193548386,89.25201684711813,186
ewf,grid,"{""cost"": ""newsvendor"", ""eta"": 0.010481131341546853, ""feedback"": ""censored"", ""gamma"": 0.0, ""overage"": null, ""share_alpha"": 0.0, ""underage"": null}",3583406.0,115593.74193548386,89.25201684711813,186
ewf,grid,"{""cost"": ""newsvendor"", ""eta"": 0.018420699693267144, ""feedback"": ""censored"", ""gamma"": 0.0, ""overage"": null, ""share_alpha"": 0.0, ""underage"": null}",3583406.0,115593.74193548386,89.25201684711813,186
ewf,grid,"{""cost"": ""newsvendor"", ""eta"": 0.022229964825261933, ""feedback"": ""censored"", ""gamma"": 0.0, ""overage"": null, ""share_alpha"": 0.0, ""underage"": null}",3583406.0,115593.74193548386,89.25201684711813,186
ewf,grid,"{""cost"": ""newsvendor"", ""eta"": 0.022229964825261933, ""feedback"": ""censored"", ""gamma"": 0.02, ""overage"": null, ""share_alpha"": 0.0, ""underage"": null}",3583406.0,115593.74193548386,89.25201684711813,186
ewf,grid,"{""cost"": ""newsvendor"", ""eta"": 0.012648552168552958, ""feedback"": ""censored"", ""gamma"": 0.0, ""overage"": null, ""share_alpha"": 0.0, ""underage"": null}",3583406.0,115593.74193548386,89.25201684711813,186
ewf,grid,"{""cost"": ""newsvendor"", ""eta"": 0.0033932217718953264, ""feedback"": ""censored"", ""gamma"": 0.02, ""overage"": null, ""share_alpha"": 0.0, ""underage"": null}",3583406.0,115593.74193548386,89.25201684711813,186
ewf,grid,"{""cost"": ""newsvendor"", ""eta"": 0.012648552168552958, ""feedback"": ""censored"", ""gamma"": 0.02, ""overage"": null, ""share_alpha"": 0.0, ""underage"": null}",3583406.0,115593.74193548386,89.25201684711813,186
ewf,grid,"{""cost"": ""newsvendor"", ""eta"": 0.002811768697974228, ""feedback"": ""censored"", ""gamma"": 0.02, ""overage"": null, ""share_alpha"": 0.0, ""underage"": null}",3583406.0,115593.74193548386,89.25201684711813,186
ewf,grid,"{""cost"": ""newsvendor"", ""eta"": 0.026826957952797246, ""feedback"": ""censored"", ""gamma"": 0.02, ""overage"": null, ""share_alpha"": 0.0, ""underage"": null}",3583406.0,115593.74193548386,89.25201684711813,186
ewf,grid,"{""cost"": ""newsvendor"", ""eta"": 0.039069399370546126, ""feedback"": ""censored"", ""gamma"": 0.0, ""overage"": null, ""share_alpha"": 0.0, ""underage"": null}",3583406.0,115593.74193548386,89.25201684711813,186
ewf,grid,"{""cost"": ""newsvendor"", ""eta"": 0.002811768697974228, ""feedback"": ""censored"", ""gamma"": 0.0, ""overage"": null, ""share_alpha"": 0.0, ""underage"": null}",3583406.0,115593.74193548386,89.25201684711813,186
ewf,grid,"{""cost"": ""newsvendor"", ""eta"": 0.0033932217718953264, ""feedback"": ""censored"", ""gamma"": 0.0, ""overage"": null, ""share_alpha"": 0.0, ""underage"": null}",3583406.0,115593.74193548386,89.25201684711813,186
ewf,grid,"{""cost"": ""newsvendor"", ""eta"": 0.039069399370546126, ""feedback"": ""censored"", ""gamma"": 0.02, ""overage"": null, ""share_alpha"": 0.0, ""underage"": null}",3583406.0,115593.74193548386,89.25201684711813,186
ewf,grid,"{""cost"": ""newsvendor"", ""eta"": 0.032374575428176434, ""feedback"": ""censored"", ""gamma"": 0.0, ""overage"": null, ""share_alpha"": 0.0, ""underage"": null}",3583406.0,115593.74193548386,89.25201684711813,186
ewf,grid,"{""cost"": ""newsvendor"", ""eta"": 0.047148663634573894, ""feedback"": ""censored"", ""gamma"": 0.0, ""overage"": null, ""share_alpha"": 0.0, ""underage"": null}",3583406.0,115593.74193548386,89.25201684711813,186
ewf,grid,"{""cost"": ""newsvendor"", ""eta"": 0.1, ""feedback"": ""censored"", ""gamma"": 0.02, ""overage"": null, ""share_alpha"": 0.0, ""underage"": null}",3583406.0,115593.74193548386,89.25201684711813,186
ewf,grid,"{""cost"": ""newsvendor"", ""eta"": 0.002329951810515372, ""feedback"": ""censored"", ""gamma"": 0.02, ""overage"": null, ""share_alpha"": 0.0, ""underage"": null}",3583406.0,115593.74193548386,89.25201684711813,186
ewf,grid,"{""cost"": ""newsvendor"", ""eta"": 0.05689866029018293, ""feedback"": ""censored"", ""gamma"": 0.0, ""overage"": null, ""share_alpha"": 0.0, ""underage"": null}",3583406.0,115593.74193548386,89.25201684711813,186
ewf,grid,"{""cost"": ""newsvendor"", ""eta"": 0.002329951810515372, ""feedback"": ""censored"", ""gamma"": 0.0, ""overage"": null, ""share_alpha"": 0.0, ""underage"": null}",3583406.0,115593.74193548386,89.25201684711813,186
ewf,grid,"{""cost"": ""newsvendor"", ""eta"": 0.015264179671752318, ""feedback"": ""censored"", ""gamma"": 0.0, ""overage"": null, ""share_alpha"": 0.0, ""underage"": null}",3583406.0,115593.74193548386,89.25201684711813,186
ewf,grid,"{""cost"": ""newsvendor"", ""eta"": 0.05689866029018293, ""feedback"": ""censored"", ""gamma"": 0.02, ""overage"": null, ""share_alpha"": 0.0, ""underage"": null}",3583406.0,115593.74193548386,89.25201684711813,186
ewf,grid,"{""cost"": ""newsvendor"", ""eta"": 0.004941713361323833, ""feedback"": ""censored"", ""gamma"": 0.0, ""overage"": null, ""share_alpha"": 0.0, ""underage"": null}",3583406.0,115593.74193548386,89.25201684711813,186
ewf,grid,"{""cost"": ""newsvendor"", ""eta"": 0.026826957952797246, ""feedback"": ""censored"", ""gamma"": 0.0, ""overage"": null, ""share_alpha"": 0.0, ""underage"": null}",3583406.0,115593.74193548386,89.25201684711813,186
ewf,grid,"{""cost"": ""newsvendor"", ""eta"": 0.047148663634573894, ""feedback"": ""censored"", ""gamma"": 0.02, ""overage"": null, ""share_alpha"": 0.0, ""underage"": null}",3583406.0,115593.74193548386,89.25201684711813,186
ewf,grid,"{""cost"": ""newsvendor"", ""eta"": 0.004094915062380423, ""feedback"": ""censored"", ""gamma"": 0.02, ""overage"": null, ""share_alpha"": 0.0, ""underage"": null}",3583406.0,115593.74193548386,89.25201684711813,186
ewf,grid,"{""cost"": ""newsvendor"", ""eta"": 0.005963623316594642, ""feedback"": ""censored"", ""gamma"": 0.02, ""overage"": null, ""share_alpha"": 0.0, ""underage"": null}",3583406.0,115593.74193548386,89.25201684711813,186
ewf,grid,"{""cost"": ""newsvendor"", ""eta"": 0.007196856730011514, ""feedback"": ""censored"", ""gamma"": 0.02, ""overage"": null, ""share_alpha"": 0.0, ""underage"": null}",3583406.0,115593.74193548386,89.25201684711813,186
ewf,grid,"{""cost"": ""newsvendor"", ""eta"": 0.005963623316594642, ""feedback"": ""censored"", ""gamma"": 0.0, ""overage"": null, ""share_alpha"": 0.0, ""underage"": null}",3583406.0,115593.74193548386,89.25201684711813,186
ewf,grid,"{""cost"": ""newsvendor"", ""eta"": 0.007196856730011514, ""feedback"": ""censored"", ""gamma"": 0.0, ""overage"": null, ""share_alpha"": 0.0, ""underage"": null}",3583406.0,115593.74193548386,89.25201684711813,186
ewf,grid,"{""cost"": ""newsvendor"", ""eta"": 0.00868511373751352, ""feedback"": ""censored"", ""gamma"": 0.0, ""overage"": null, ""share_alpha"": 0.0, ""underage"": null}",3583406.0,115593.74193548386,89.25201684711813,186
ewf,grid,"{""cost"": ""newsvendor"", ""eta"": 0.00868511373751352, ""feedback"": ""censored"", ""gamma"": 0.02, ""overage"": null, ""share_alpha"": 0.0, ""underage"": null}",3583406.0,115593.74193548386,89.25201684711813,186
ewf,grid,"{""cost"": ""newsvendor"", ""eta"": 9.540954763499944e-05, ""feedback"": ""censored"", ""gamma"": 0.0, ""overage"": null, ""share_alpha"": 0.0, ""underage"": null}",3583261.0,115589.06451612903,89.24840532711654,232
ewf,grid,"{""cost"": ""newsvendor"", ""eta"": 3.727593720314938e-05, ""feedback"": ""censored"", ""gamma"": 0.0, ""overage"": null, ""share_alpha"": 0.03225806451612903, ""underage"": null}",3582163.0,115553.64516129032,89.2210574032424,233
ewf,grid,"{""cost"": ""newsvendor"", ""eta"": 0.00013894954943731373, ""feedback"": ""censored"", ""gamma"": 0.05, ""overage"": null, ""share_alpha"": 0.0, ""underage"": null}",3581261.0,115524.54838709677,89.19859125812903,234
ewf,grid,"{""cost"": ""newsvendor"", ""eta"": 0.000244205309454865, ""feedback"": ""censored"", ""gamma"": 0.0, ""overage"": null, ""share_alpha"": 0.1, ""underage"": null}",3581183.0,115522.03225806452,89.19664850943853,235
ewf,grid,"{""cost"": ""newsvendor"", ""eta"": 1.757510624854793e-05, ""feedback"": ""censored"", ""gamma"": 0.02, ""overage"": null, ""share_alpha"": 0.1, ""underage"": null}",3580033.0,115484.93548387097,89.16800541977071,236
ewf,grid,"{""cost"": ""newsvendor"", ""eta"": 1e-05, ""feedback"": ""censored"", ""gamma"": 0.02, ""overage"": null, ""share_alpha"": 0.1, ""underage"": null}",3579540.0,115469.03225806452,89.15572625176529,237
ewf,grid,"{""cost"": ""newsvendor"", ""eta"": 1.4563484775012445e-05, ""feedback"": ""censored"", ""gamma"": 0.0, ""overage"": null, ""share_alpha"": 0.03225806451612903, ""underage"": null}",3578990.0,115451.29032258065,89.14202738279371,238
ewf,grid,"{""cost"": ""newsvendor"", ""eta"": 0.00016768329368110067, ""feedback"": ""censored"", ""gamma"": 0.0, ""overage"": null, ""share_alpha"": 0.1, ""underage"": null}",3578380.0,115431.6129032258,89.12683409175254,239
ewf,grid,"{""cost"": ""newsvendor"", ""eta"": 3.727593720314938e-05, ""feedback"": ""censored"", ""gamma"": 0.05, ""overage"": null, ""share_alpha"": 0.03225806451612903, ""underage"": null}",3578163.0,115424.6129032258,89.1214292652674,240
ewf,grid,"{""cost"": ""newsvendor"", ""eta"": 0.00029470517025518097, ""feedback"": ""censored"", ""gamma"": 0.02, ""overage"": null, ""share_alpha"": 0.1, ""underage"": null}",3576183.0,115360.74193548386,89.07211333696976,241
ewf,grid,"{""cost"": ""newsvendor"", ""eta"": 2.559547922699533e-05, ""feedback"": ""censored"", ""gamma"": 0.05, ""overage"": null, ""share_alpha"": 0.03225806451612903, ""underage"": null}",3575622.0,115342.64516129032,89.05814049061877,242
ewf,grid,"{""cost"": ""newsvendor"", ""eta"": 0.000244205309454865, ""feedback"": ""censored"", ""gamma"": 0.05, ""overage"": null, ""share_alpha"": 0.1, ""underage"": null}",3575280.0,115331.6129032258,89.04962228482191,243
ewf,grid,"{""cost"": ""newsvendor"", ""eta"": 2.1209508879201926e-05, ""feedback"": ""censored"", ""gamma"": 0.02, ""overage"": null, ""share_alpha"": 0.0, ""underage"": null}",3575278.0,115331.54838709677,89.0495724707529,244
ewf,grid,"{""cost"": ""newsvendor"", ""eta"": 0.00020235896477251554, ""feedback"": ""censored"", ""gamma"": 0.02, ""overage"": null, ""share_alpha"": 0.1, ""underage"": null}",3575183.0,115328.48387096774,89.04720630247601,245
ewf,grid,"{""cost"": ""newsvendor"", ""eta"": 0.000244205309454865, ""feedback"": ""censored"", ""gamma"": 0.02, ""overage"": null, ""share_alpha"": 0.1, ""underage"": null}",3575183.0,115328.48387096774,89.04720630247601,245
ewf,grid,"{""cost"": ""newsvendor"", ""eta"": 0.0006250551925273969, ""feedback"": ""censored"", ""gamma"": 0.0, ""overage"": null, ""share_alpha"": 0.1, ""underage"": null}",3573851.0,115285.51612903226,89.01403013253034,247
ewf,grid,"{""cost"": ""newsvendor"", ""eta"": 0.00011513953993264469, ""feedback"": ""censored"", ""gamma"": 0.05, ""overage"": null, ""share_alpha"": 0.0, ""underage"": null}",3573261.0,115266.48387096774,88.99933498217901,248
ewf,grid,"{""cost"": ""newsvendor"", ""eta"": 1.4563484775012445e-05, ""feedback"": ""censored"", ""gamma"": 0.05, ""overage"": null, ""share_alpha"": 0.03225806451612903, ""underage"": null}",3572280.0,115234.83870967742,88.97490118134066,249
ewf,grid,"{""cost"": ""newsvendor"", ""eta"": 0.00013894954943731373, ""feedback"": ""censored"", ""gamma"": 0.05, ""overage"": null, ""share_alpha"": 0.1, ""underage"": null}",3571418.0,115207.03225806452,88.95343131760704,250
ewf,grid,"{""cost"": ""newsvendor"", ""eta"": 3.0888435964774785e-05, ""feedback"": ""censored"", ""gamma"": 0.05, ""overage"": null, ""share_alpha"": 0.1, ""underage"": null}",3571257.0,115201.83870967742,88.94942128505355,251
ewf,grid,"{""cost"": ""newsvendor"", ""eta"": 0.00042919342601287783, ""feedback"": ""censored"", ""gamma"": 0.05, ""overage"": null, ""share_alpha"": 0.1, ""underage"": null}",3570297.0,115170.87096774194,88.92551053193954,252
ewf,grid,"{""cost"": ""newsvendor"", ""eta"": 1.757510624854793e-05, ""feedback"": ""censored"", ""gamma"": 0.05, ""overage"": null, ""share_alpha"": 0.0, ""underage"": null}",3570123.0,115165.25806451614,88.92117670793762,253
ewf,grid,"{""cost"": ""newsvendor"", ""eta"": 3.727593720314938e-05, ""feedback"": ""censored"", ""gamma"": 0.05, ""overage"": null, ""share_alpha"": 0.1, ""underage"": null}",3569839.0,115156.09677419355,88.9141031101414,254
ewf,grid,"{""cost"": ""newsvendor"", ""eta"": 2.1209508879201926e-05, ""feedback"": ""censored"", ""gamma"": 0.05, ""overage"": null, ""share_alpha"": 0.1, ""underage"": null}",3569756.0,115153.41935483871,88.91203582627841,255
ewf,grid,"{""cost"": ""newsvendor"", ""eta"": 0.00016768329368110067, ""feedback"": ""censored"", ""gamma"": 0.02, ""overage"": null, ""share_alpha"": 0.1, ""underage"": null}",3569380.0,115141.29032258065,88.90267078130877,256
ewf,grid,"{""cost"": ""newsvendor"", ""eta"": 9.540954763499944e-05, ""feedback"": ""censored"", ""gamma"": 0.02, ""overage"": null, ""share_alpha"": 0.0, ""underage"": null}",3569261.0,115137.45161290323,88.899706844204,257
ewf,grid,"{""cost"": ""newsvendor"", ""eta"": 0.0010985411419875584, ""feedback"": ""censored"", ""gamma"": 0.02, ""overage"": null, ""share_alpha"": 0.0, ""underage"": null}",3568791.0,115122.29032258065,88.88800053799194,258
ewf,grid,"{""cost"": ""newsvendor"", ""eta"": 0.00042919342601287783, ""feedback"": ""censored"", ""gamma"": 0.0, ""overage"": null, ""share_alpha"": 0.0, ""underage"": null}",3568791.0,115122.29032258065,88.88800053799194,258
ewf,grid,"{""cost"": ""newsvendor"", ""eta"": 0.00042919342601287783, ""feedback"": ""censored"", ""gamma"": 0.02, ""overage"": null, ""share_alpha"": 0.0, ""underage"": null}",3568791.0,115122.29032258065,88.88800053799194,258
ewf,grid,"{""cost"": ""newsvendor"", ""eta"": 0.0013257113655901081, ""feedback"": ""censored"", ""gamma"": 0.0, ""overage"": null, ""share_alpha"": 0.0, ""underage"": null}",3568791.0,115122.29032258065,88.88800053799194,258
ewf,grid,"{""cost"": ""newsvendor"", ""eta"": 0.0005179474679231213, ""feedback"": ""censored"", ""gamma"": 0.0, ""overage"": null, ""share_alpha"": 0.0, ""underage"": null}",3568791.0,115122.29032258065,88.88800053799194,258
ewf,grid,"{""cost"": ""newsvendor"", ""eta"": 0.0005179474679231213, ""feedback"": ""censored"", ""gamma"": 0.02, ""overage"": null, ""share_alpha"": 0.0, ""underage"": null}",3568791.0,115122.29032258065,88.88800053799194,258
ewf,grid,"{""cost"": ""newsvendor"", ""eta"": 0.0009102981779915217, ""feedback"": ""censored"", ""gamma"": 0.02, ""overage"": null, ""share_alpha"": 0.0, ""underage"": null}",3568791.0,115122.29032258065,88.88800053799194,258
ewf,grid,"{""cost"": ""newsvendor"", ""eta"": 0.0013257113655901081, ""feedback"": ""censored"", ""gamma"": 0.02, ""overage"": null, ""share_alpha"": 0.0, ""underage"": null}",3568791.0,115122.29032258065,88.88800053799194,258
ewf,grid,"{""cost"": ""newsvendor"", ""eta"": 0.0010985411419875584, ""feedback"": ""censored"", ""gamma"": 0.0, ""overage"": null, ""share_alpha"": 0.0, ""underage"": null}",3568791.0,115122.29032258065,88.88800053799194,258
ewf,grid,"{""cost"": ""newsvendor"", ""eta"": 0.0007543120063354615, ""feedback"": ""censored"", ""gamma"": 0.0, ""overage"": null, ""share_alpha"": 0.0, ""underage"": null}",3568791.0,115122.29032258065,88.88800053799194,258
ewf,grid,"{""cost"": ""newsvendor"", ""eta"": 0.0006250551925273969, ""feedback"": ""censored"", ""gamma"": 0.0, ""overage"": null, ""share_alpha"": 0.0, ""underage"": null}",3568791.0,115122.29032258065,88.88800053799194,258
ewf,grid,"{""cost"": ""newsvendor"", ""eta"": 0.0006250551925273969, ""feedback"": ""censored"", ""gamma"": 0.02, ""overage"": null, ""share_alpha"": 0.0, ""underage"": null}",3568791.0,115122.29032258065,88.88800053799194,258
ewf,grid,"{""cost"": ""newsvendor"", ""eta"": 0.0009102981779915217, ""feedback"": ""censored"", ""gamma"": 0.0, ""overage"": null, ""share_alpha"": 0.0, ""underage"": null}",3568791.0,115122.29032258065,88.88800053799194,258
ewf,grid,"{""cost"": ""newsvendor"", ""eta"": 0.0007543120063354615, ""feedback"": ""censored"", ""gamma"": 0.02, ""overage"": null, ""share_alpha"": 0.0, ""underage"": null}",3568791.0,115122.29032258065,88.88800053799194,258
ewf,grid,"{""cost"": ""newsvendor"", ""eta"": 0.00029470517025518097, ""feedback"": ""censored"", ""gamma"": 0.0, ""overage"": null, ""share_alpha"": 0.0, ""underage"": null}",3567791.0,115090.03225806452,88.86309350349819,272
ewf,grid,"{""cost"": ""newsvendor"", ""eta"": 0.00035564803062231287, ""feedback"": ""censored"", ""gamma"": 0.02, ""overage"": null, ""share_alpha"": 0.0, ""underage"": null}",3567791.0,115090.03225806452,88.86309350349819,272
ewf,grid,"{""cost"": ""newsvendor"", ""eta"": 0.00035564803062231287, ""feedback"": ""censored"", ""gamma"": 0.0, ""overage"": null, ""share_alpha"": 0.0, ""underage"": null}",3567791.0,115090.03225806452,88.86309350349819,272
ewf,grid,"{""cost"": ""newsvendor"", ""eta"": 1.2067926406393289e-05, ""feedback"": ""censored"", ""gamma"": 0.05, ""overage"": null, ""share_alpha"": 0.0, ""underage"": null}",3567101.0,115067.7741935484,88.84590764969751,275
ewf,grid,"{""cost"": ""newsvendor"", ""eta"": 9.540954763499944e-05, ""feedback"": ""censored"", ""gamma"": 0.05, ""overage"": null, ""share_alpha"": 0.0, ""underage"": null}",3566620.0,115052.25806451614,88.83392736610601,276
ewf,grid,"{""cost"": ""newsvendor"", ""eta"": 3.0888435964774785e-05, ""feedback"": ""censored"", ""gamma"": 0.0, ""overage"": null, ""share_alpha"": 0.03225806451612903, ""underage"": null}",3566163.0,115037.51612903226,88.82254485134237,277
ewf,grid,"{""cost"": ""newsvendor"", ""eta"": 0.00035564803062231287, ""feedback"": ""censored"", ""gamma"": 0.05, ""overage"": null, ""share_alpha"": 0.1, ""underage"": null}",3565183.0,115005.90322580645,88.79813595753848,278
ewf,grid,"{""cost"": ""newsvendor"", ""eta"": 0.00029470517025518097, ""feedback"": ""censored"", ""gamma"": 0.05, ""overage"": null, ""share_alpha"": 0.1, ""underage"": null}",3564183.0,114973.64516129032,88.77322892304474,279
ewf,grid,"{""cost"": ""newsvendor"", ""eta"": 0.0015998587196060573, ""feedback"": ""censored"", ""gamma"": 0.02, ""overage"": null, ""share_alpha"": 0.03225806451612903, ""underage"": null}",3563899.0,114964.48387096774,88.7661553252485,280
ewf,grid,"{""cost"": ""newsvendor"", ""eta"": 0.0015998587196060573, ""feedback"": ""censored"", ""gamma"": 0.0, ""overage"": null, ""share_alpha"": 0.03225806451612903, ""underage"": null}",3563699.0,114958.03225806452,88.76117391834975,281
ewf,grid,"{""cost"": ""newsvendor"", ""eta"": 3.0888435964774785e-05, ""feedback"": ""censored"", ""gamma"": 0.02, ""overage"": null, ""share_alpha"": 0.03225806451612903, ""underage"": null}",3562163.0,114908.48387096774,88.72291671336737,282
ewf,grid,"{""cost"": ""newsvendor"", ""eta"": 0.0010985411419875584, ""feedback"": ""censored"", ""gamma"": 0.0, ""overage"": null, ""share_alpha"": 0.1, ""underage"": null}",3561888.0,114899.6129032258,88.71606727888157,283
ewf,grid,"{""cost"": ""newsvendor"", ""eta"": 0.0005179474679231213, ""feedback"": ""censored"", ""gamma"": 0.05, ""overage"": null, ""share_alpha"": 0.1, ""underage"": null}",3561441.0,114885.19354838709,88.70493383446286,284
ewf,grid,"{""cost"": ""newsvendor"", ""eta"": 0.00020235896477251554, ""feedback"": ""censored"", ""gamma"": 0.05, ""overage"": null, ""share_alpha"": 0.1, ""underage"": null}",3561380.0,114883.2258064516,88.70341450535875,285
ewf,grid,"{""cost"": ""newsvendor"", ""eta"": 2.1209508879201926e-05, ""feedback"": ""censored"", ""gamma"": 0.0, ""overage"": null, ""share_alpha"": 0.03225806451612903, ""underage"": null}",3560819.0,114865.12903225806,88.68944165900776,286
ewf,grid,"{""cost"": ""newsvendor"", ""eta"": 1e-05, ""feedback"": ""censored"", ""gamma"": 0.05, ""overage"": null, ""share_alpha"": 0.1, ""underage"": null}",3558540.0,114791.6129032258,88.6326785273965,287
ewf,grid,"{""cost"": ""newsvendor"", ""eta"": 2.1209508879201926e-05, ""feedback"": ""censored"", ""gamma"": 0.02, ""overage"": null, ""share_alpha"": 0.03225806451612903, ""underage"": null}",3554819.0,114671.58064516129,88.53999945204524,288
ewf,grid,"{""cost"": ""newsvendor"", ""eta"": 3.0888435964774785e-05, ""feedback"": ""censored"", ""gamma"": 0.05, ""overage"": null, ""share_alpha"": 0.03225806451612903, ""underage"": null}",3554163.0,114650.41935483871,88.52366043741733,289
ewf,grid,"{""cost"": ""newsvendor"", ""eta"": 0.00016768329368110067, ""feedback"": ""censored"", ""gamma"": 0.05, ""overage"": null, ""share_alpha"": 0.1, ""underage"": null}",3551380.0,114560.64516129032,88.45434416042123,290
ewf,grid,"{""cost"": ""newsvendor"", ""eta"": 0.0007543120063354615, ""feedback"": ""censored"", ""gamma"": 0.0, ""overage"": null, ""share_alpha"": 0.1, ""underage"": null}",3549066.0,114486.0,88.39670928260269,291
ewf,grid,"{""cost"": ""newsvendor"", ""eta"": 1e-05, ""feedback"": ""censored"", ""gamma"": 0.0, ""overage"": null, ""share_alpha"": 0.0, ""underage"": null}",3548918.0,114481.2258064516,88.39302304149761,292
ewf,grid,"{""cost"": ""newsvendor"", ""eta"": 2.1209508879201926e-05, ""feedback"": ""censored"", ""gamma"": 0.05, ""overage"": null, ""share_alpha"": 0.03225806451612903, ""underage"": null}",3547819.0,114445.7741935484,88.36565021058898,293
ewf,grid,"{""cost"": ""newsvendor"", ""eta"": 1.2067926406393289e-05, ""feedback"": ""censored"", ""gamma"": 0.05, ""overage"": null, ""share_alpha"": 0.03225806451612903, ""underage"": null}",3547135.0,114423.70967741935,88.34861379899525,294
ewf,grid,"{""cost"": ""newsvendor"", ""eta"": 1e-05, ""feedback"": ""censored"", ""gamma"": 0.05, ""overage"": null, ""share_alpha"": 0.0, ""underage"": null}",3546633.0,114407.51612903226,88.33611046767939,295
ewf,grid,"{""cost"": ""newsvendor"", ""eta"": 1e-05, ""feedback"": ""censored"", ""gamma"": 0.02, ""overage"": null, ""share_alpha"": 0.0, ""underage"": null}",3546633.0,114407.51612903226,88.33611046767939,295
ewf,grid,"{""cost"": ""newsvendor"", ""eta"": 0.0006250551925273969, ""feedback"": ""censored"", ""gamma"": 0.02, ""overage"": null, ""share_alpha"": 0.1, ""underage"": null}",3546441.0,114401.32258064517,88.33132831705659,297
ewf,grid,"{""cost"": ""newsvendor"", ""eta"": 1.4563484775012445e-05, ""feedback"": ""censored"", ""gamma"": 0.0, ""overage"": null, ""share_alpha"": 0.1, ""underage"": null}",3546241.0,114394.87096774194,88.32634691015784,298
ewf,grid,"{""cost"": ""newsvendor"", ""eta"": 0.0010985411419875584, ""feedback"": ""censored"", ""gamma"": 0.02, ""overage"": null, ""share_alpha"": 0.1, ""underage"": null}",3545888.0,114383.48387096774,88.31755472698154,299
ewf,grid,"{""cost"": ""newsvendor"", ""eta"": 1.2067926406393289e-05, ""feedback"": ""censored"", ""gamma"": 0.02, ""overage"": null, ""share_alpha"": 0.0, ""underage"": null}",3544289.0,114331.90322580645,88.27772837882604,300
ewf,grid,"{""cost"": ""newsvendor"", ""eta"": 0.0015998587196060573, ""feedback"": ""censored"", ""gamma"": 0.05, ""overage"": null, ""share_alpha"": 0.03225806451612903, ""underage"": null}",3544185.0,114328.54838709677,88.27513804723867,301
ewf,grid,"{""cost"": ""newsvendor"", ""eta"": 0.0007543120063354615, ""feedback"": ""censored"", ""gamma"": 0.02, ""overage"": null, ""share_alpha"": 0.1, ""underage"": null}",3535066.0,114034.3870967742,88.04801079969016,302
ewf,grid,"{""cost"": ""newsvendor"", ""eta"": 0.0010985411419875584, ""feedback"": ""censored"", ""gamma"": 0.05, ""overage"": null, ""share_alpha"": 0.1, ""underage"": null}",3532888.0,113964.12903225806,87.99376327856277,303
ewf,grid,"{""cost"": ""newsvendor"", ""eta"": 1.2067926406393289e-05, ""feedback"": ""censored"", ""gamma"": 0.0, ""overage"": null, ""share_alpha"": 0.1, ""underage"": null}",3531241.0,113911.0,87.95274139275155,304
ewf,grid,"{""cost"": ""newsvendor"", ""eta"": 1.757510624854793e-05, ""feedback"": ""censored"", ""gamma"": 0.05, ""overage"": null, ""share_alpha"": 0.1, ""underage"": null}",3521053.0,113582.35483870968,87.69898852532921,305
ewf,grid,"{""cost"": ""newsvendor"", ""eta"": 0.0009102981779915217, ""feedback"": ""censored"", ""gamma"": 0.0, ""overage"": null, ""share_alpha"": 0.1, ""underage"": null}",3518490.0,113499.67741935483,87.63515179592171,306
ewf,grid,"{""cost"": ""newsvendor"", ""eta"": 0.0019306977288832496, ""feedback"": ""censored"", ""gamma"": 0.0, ""overage"": null, ""share_alpha"": 0.03225806451612903, ""underage"": null}",3513739.0,113346.41935483871,87.5168184750419,307
ewf,grid,"{""cost"": ""newsvendor"", ""eta"": 1.2067926406393289e-05, ""feedback"": ""censored"", ""gamma"": 0.02, ""overage"": null, ""share_alpha"": 0.1, ""underage"": null}",3513241.0,113330.35483870968,87.50441477186402,308
ewf,grid,"{""cost"": ""newsvendor"", ""eta"": 0.0019306977288832496, ""feedback"": ""censored"", ""gamma"": 0.02, ""overage"": null, ""share_alpha"": 0.03225806451612903, ""underage"": null}",3509739.0,113217.3870967742,87.4171903370669,309
ewf,grid,"{""cost"": ""newsvendor"", ""eta"": 0.0006250551925273969, ""feedback"": ""censored"", ""gamma"": 0.05, ""overage"": null, ""share_alpha"": 0.1, ""underage"": null}",3498441.0,112852.93548387097,87.13579066135648,310
ewf,grid,"{""cost"": ""newsvendor"", ""eta"": 0.0009102981779915217, ""feedback"": ""censored"", ""gamma"": 0.02, ""overage"": null, ""share_alpha"": 0.1, ""underage"": null}",3496490.0,112790.0,87.08719703705917,311
ewf,grid,"{""cost"": ""newsvendor"", ""eta"": 1.2067926406393289e-05, ""feedback"": ""censored"", ""gamma"": 0.05, ""overage"": null, ""share_alpha"": 0.1, ""underage"": null}",3495241.0,112749.70967741935,87.05608815097648,312
ewf,grid,"{""cost"": ""newsvendor"", ""eta"": 0.0019306977288832496, ""feedback"": ""censored"", ""gamma"": 0.05, ""overage"": null, ""share_alpha"": 0.03225806451612903, ""underage"": null}",3483185.0,112360.80645161291,86.7558089431198,313
ewf,grid,"{""cost"": ""newsvendor"", ""eta"": 0.0009102981779915217, ""feedback"": ""censored"", ""gamma"": 0.05, ""overage"": null, ""share_alpha"": 0.1, ""underage"": null}",3477490.0,112177.09677419355,86.61396338167788,314
ewf,grid,"{""cost"": ""newsvendor"", ""eta"": 0.0007543120063354615, ""feedback"": ""censored"", ""gamma"": 0.05, ""overage"": null, ""share_alpha"": 0.1, ""underage"": null}",3456727.0,111507.32258064517,86.09681862448411,315
ewf,grid,"{""cost"": ""newsvendor"", ""eta"": 0.0013257113655901081, ""feedback"": ""censored"", ""gamma"": 0.0, ""overage"": null, ""share_alpha"": 0.1, ""underage"": null}",3450185.0,111296.29032258065,85.93387680482599,316
ewf,grid,"{""cost"": ""newsvendor"", ""eta"": 0.0013257113655901081, ""feedback"": ""censored"", ""gamma"": 0.02, ""overage"": null, ""share_alpha"": 0.1, ""underage"": null}",3434185.0,110780.16129032258,85.53536425292594,317
ewf,grid,"{""cost"": ""newsvendor"", ""eta"": 0.0013257113655901081, ""feedback"": ""censored"", ""gamma"": 0.05, ""overage"": null, ""share_alpha"": 0.1, ""underage"": null}",3429939.0,110643.19354838709,85.42960898446547,318
ewf,grid,"{""cost"": ""newsvendor"", ""eta"": 0.002329951810515372, ""feedback"": ""censored"", ""gamma"": 0.0, ""overage"": null, ""share_alpha"": 0.03225806451612903, ""underage"": null}",3405314.0,109848.83870967742,84.81627326005685,319
ewf,grid,"{""cost"": ""newsvendor"", ""eta"": 0.002329951810515372, ""feedback"": ""censored"", ""gamma"": 0.02, ""overage"": null, ""share_alpha"": 0.03225806451612903, ""underage"": null}",3396314.0,109558.51612903226,84.59210994961308,320
ewf,grid,"{""cost"": ""newsvendor"", ""eta"": 0.002329951810515372, ""feedback"": ""censored"", ""gamma"": 0.05, ""overage"": null, ""share_alpha"": 0.03225806451612903, ""underage"": null}",3358313.0,108332.67741935483,83.645617731816,321
ewf,grid,"{""cost"": ""newsvendor"", ""eta"": 0.002811768697974228, ""feedback"": ""censored"", ""gamma"": 0.0, ""overage"": null, ""share_alpha"": 0.03225806451612903, ""underage"": null}",3356783.0,108283.32258064517,83.60750996904056,322
ewf,grid,"{""cost"": ""newsvendor"", ""eta"": 0.0033932217718953264, ""feedback"": ""censored"", ""gamma"": 0.0, ""overage"": null, ""share_alpha"": 0.03225806451612903, ""underage"": null}",3350498.0,108080.58064516129,83.45096925724732,323
ewf,grid,"{""cost"": ""newsvendor"", ""eta"": 0.002811768697974228, ""feedback"": ""censored"", ""gamma"": 0.02, ""overage"": null, ""share_alpha"": 0.03225806451612903, ""underage"": null}",3347783.0,107993.0,83.38334665859679,324
ewf,grid,"{""cost"": ""newsvendor"", ""eta"": 0.0015998587196060573, ""feedback"": ""censored"", ""gamma"": 0.0, ""overage"": null, ""share_alpha"": 0.1, ""underage"": null}",3345314.0,107913.35483870968,83.32185119043172,325
ewf,grid,"{""cost"": ""newsvendor"", ""eta"": 0.0015998587196060573, ""feedback"": ""censored"", ""gamma"": 0.02, ""overage"": null, ""share_alpha"": 0.1, ""underage"": null}",3330314.0,107429.48387096774,82.94824567302544,326
ewf,grid,"{""cost"": ""newsvendor"", ""eta"": 0.0033932217718953264, ""feedback"": ""censored"", ""gamma"": 0.02, ""overage"": null, ""share_alpha"": 0.03225806451612903, ""underage"": null}",3326498.0,107306.3870967742,82.85320042939728,327
ewf,grid,"{""cost"": ""newsvendor"", ""eta"": 0.004094915062380423, ""feedback"": ""censored"", ""gamma"": 0.0, ""overage"": null, ""share_alpha"": 0.03225806451612903, ""underage"": null}",3324498.0,107241.87096774194,82.80338636040977,328
ewf,grid,"{""cost"": ""newsvendor"", ""eta"": 0.002811768697974228, ""feedback"": ""censored"", ""gamma"": 0.05, ""overage"": null, ""share_alpha"": 0.03225806451612903, ""underage"": null}",3315783.0,106960.74193548386,82.58632155479673,329
ewf,grid,"{""cost"": ""newsvendor"", ""eta"": 0.0015998587196060573, ""feedback"": ""censored"", ""gamma"": 0.05, ""overage"": null, ""share_alpha"": 0.1, ""underage"": null}",3312724.0,106862.06451612903,82.51013093628033,330
ewf,grid,"{""cost"": ""newsvendor"", ""eta"": 0.004094915062380423, ""feedback"": ""censored"", ""gamma"": 0.02, ""overage"": null, ""share_alpha"": 0.03225806451612903, ""underage"": null}",3306498.0,106661.2258064516,82.35505973952223,331
ewf,grid,"{""cost"": ""newsvendor"", ""eta"": 0.0019306977288832496, ""feedback"": ""censored"", ""gamma"": 0.0, ""overage"": null, ""share_alpha"": 0.1, ""underage"": null}",3303313.0,106558.48387096774,82.27573083465963,332
ewf,grid,"{""cost"": ""newsvendor"", ""eta"": 0.0033932217718953264, ""feedback"": ""censored"", ""gamma"": 0.05, ""overage"": null, ""share_alpha"": 0.03225806451612903, ""underage"": null}",3302498.0,106532.19354838709,82.25543160154723,333
ewf,grid,"{""cost"": ""newsvendor"", ""eta"": 0.0019306977288832496, ""feedback"": ""censored"", ""gamma"": 0.02, ""overage"": null, ""share_alpha"": 0.1, ""underage"": null}",3293783.0,106251.06451612903,82.03836679593418,334
ewf,grid,"{""cost"": ""newsvendor"", ""eta"": 0.004094915062380423, ""feedback"": ""censored"", ""gamma"": 0.05, ""overage"": null, ""share_alpha"": 0.03225806451612903, ""underage"": null}",3289498.0,106112.83870967742,81.93164015312846,335
ewf,grid,"{""cost"": ""newsvendor"", ""eta"": 0.007196856730011514, ""feedback"": ""censored"", ""gamma"": 0.0, ""overage"": null, ""share_alpha"": 0.03225806451612903, ""underage"": null}",3289113.0,106100.41935483871,81.92205094484835,336
ewf,grid,"{""cost"": ""newsvendor"", ""eta"": 0.004941713361323833, ""feedback"": ""censored"", ""gamma"": 0.0, ""overage"": null, ""share_alpha"": 0.1, ""underage"": null}",3287113.0,106035.90322580645,81.87223687586085,337
ewf,grid,"{""cost"": ""newsvendor"", ""eta"": 0.007196856730011514, ""feedback"": ""censored"", ""gamma"": 0.05, ""overage"": null, ""share_alpha"": 0.03225806451612903, ""underage"": null}",3284113.0,105939.12903225806,81.7975157723796,338
ewf,grid,"{""cost"": ""newsvendor"", ""eta"": 0.0019306977288832496, ""feedback"": ""censored"", ""gamma"": 0.05, ""overage"": null, ""share_alpha"": 0.1, ""underage"": null}",3283783.0,105928.48387096774,81.78929645099664,339
ewf,grid,"{""cost"": ""newsvendor"", ""eta"": 0.007196856730011514, ""feedback"": ""censored"", ""gamma"": 0.02, ""overage"": null, ""share_alpha"": 0.03225806451612903, ""underage"": null}",3283113.0,105906.87096774194,81.77260873788585,340
ewf,grid,"{""cost"": ""newsvendor"", ""eta"": 0.00868511373751352, ""feedback"": ""censored"", ""gamma"": 0.0, ""overage"": null, ""share_alpha"": 0.1, ""underage"": null}",3281657.0,105859.90322580645,81.73634409566294,341
ewf,grid,"{""cost"": ""newsvendor"", ""eta"": 0.002811768697974228, ""feedback"": ""censored"", ""gamma"": 0.0, ""overage"": null, ""share_alpha"": 0.1, ""underage"": null}",3280498.0,105822.51612903226,81.70747684268468,342
ewf,grid,"{""cost"": ""newsvendor"", ""eta"": 0.002329951810515372, ""feedback"": ""censored"", ""gamma"": 0.0, ""overage"": null, ""share_alpha"": 0.1, ""underage"": null}",3277783.0,105734.93548387097,81.63985424403414,343
ewf,grid,"{""cost"": ""newsvendor"", ""eta"": 0.010481131341546853, ""feedback"": ""censored"", ""gamma"": 0.05, ""overage"": null, ""share_alpha"": 0.03225806451612903, ""underage"": null}",3274657.0,105634.09677419355,81.56199485420667,344
ewf,grid,"{""cost"": ""newsvendor"", ""eta"": 0.002811768697974228, ""feedback"": ""censored"", ""gamma"": 0.02, ""overage"": null, ""share_alpha"": 0.1, ""underage"": null}",3274498.0,105628.96774193548,81.55803463572217,345
ewf,grid,"{""cost"": ""newsvendor"", ""eta"": 0.002811768697974228, ""feedback"": ""censored"", ""gamma"": 0.05, ""overage"": null, ""share_alpha"": 0.1, ""underage"": null}",3274168.0,105618.32258064517,81.54981531433923,346
ewf,grid,"{""cost"": ""newsvendor"", ""eta"": 0.010481131341546853, ""feedback"": ""censored"", ""gamma"": 0.02, ""overage"": null, ""share_alpha"": 0.03225806451612903, ""underage"": null}",3273657.0,105601.83870967742,81.53708781971292,347
ewf,grid,"{""cost"": ""newsvendor"", ""eta"": 0.010481131341546853, ""feedback"": ""censored"", ""gamma"": 0.0, ""overage"": null, ""share_alpha"": 0.03225806451612903, ""underage"": null}",3273657.0,105601.83870967742,81.53708781971292,347
ewf,grid,"{""cost"": ""newsvendor"", ""eta"": 0.004941713361323833, ""feedback"": ""censored"", ""gamma"": 0.0, ""overage"": null, ""share_alpha"": 0.03225806451612903, ""underage"": null}",3273498.0,105596.70967741935,81.53312760122841,349
ewf,grid,"{""cost"": ""newsvendor"", ""eta"": 0.002329951810515372, ""feedback"": ""censored"", ""gamma"": 0.02, ""overage"": null, ""share_alpha"": 0.1, ""underage"": null}",3271783.0,105541.3870967742,81.49041203707164,350
ewf,grid,"{""cost"": ""newsvendor"", ""eta"": 0.004941713361323833, ""feedback"": ""censored"", ""gamma"": 0.02, ""overage"": null, ""share_alpha"": 0.03225806451612903, ""underage"": null}",3268498.0,105435.41935483871,81.40859242875965,351
ewf,grid,"{""cost"": ""newsvendor"", ""eta"": 0.005963623316594642, ""feedback"": ""censored"", ""gamma"": 0.0, ""overage"": null, ""share_alpha"": 0.1, ""underage"": null}",3264657.0,105311.51612903226,81.31292450926915,352
ewf,grid,"{""cost"": ""newsvendor"", ""eta"": 0.004941713361323833, ""feedback"": ""censored"", ""gamma"": 0.02, ""overage"": null, ""share_alpha"": 0.1, ""underage"": null}",3264113.0,105293.96774193548,81.29937508250455,353
ewf,grid,"{""cost"": ""newsvendor"", ""eta"": 0.002329951810515372, ""feedback"": ""censored"", ""gamma"": 0.05, ""overage"": null, ""share_alpha"": 0.1, ""underage"": null}",3263783.0,105283.32258064517,81.29115576112162,354
ewf,grid,"{""cost"": ""newsvendor"", ""eta"": 0.00868511373751352, ""feedback"": ""censored"", ""gamma"": 0.05, ""overage"": null, ""share_alpha"": 0.03225806451612903, ""underage"": null}",3263657.0,105279.25806451614,81.2880174747754,355
ewf,grid,"{""cost"": ""newsvendor"", ""eta"": 0.007196856730011514, ""feedback"": ""censored"", ""gamma"": 0.0, ""overage"": null, ""share_alpha"": 0.1, ""underage"": null}",3263657.0,105279.25806451614,81.2880174747754,355
ewf,grid,"{""cost"": ""newsvendor"", ""eta"": 0.00868511373751352, ""feedback"": ""censored"", ""gamma"": 0.0, ""overage"": null, ""share_alpha"": 0.03225806451612903, ""underage"": null}",3262657.0,105247.0,81.26311044028165,357
ewf,grid,"{""cost"": ""newsvendor"", ""eta"": 0.00868511373751352, ""feedback"": ""censored"", ""gamma"": 0.02, ""overage"": null, ""share_alpha"": 0.03225806451612903, ""underage"": null}",3262657.0,105247.0,81.26311044028165,357
ewf,grid,"{""cost"": ""newsvendor"", ""eta"": 0.00868511373751352, ""feedback"": ""censored"", ""gamma"": 0.02, ""overage"": null, ""share_alpha"": 0.1, ""underage"": null}",3257657.0,105085.70967741935,81.13857526781288,359
ewf,grid,"{""cost"": ""newsvendor"", ""eta"": 0.004941713361323833, ""feedback"": ""censored"", ""gamma"": 0.05, ""overage"": null, ""share_alpha"": 0.03225806451612903, ""underage"": null}",3256498.0,105048.32258064517,81.10970801483462,360
ewf,grid,"{""cost"": ""newsvendor"", ""eta"": 0.0033932217718953264, ""feedback"": ""censored"", ""gamma"": 0.0, ""overage"": null, ""share_alpha"": 0.1, ""underage"": null}",3255168.0,105005.41935483871,81.07658165895793,361
ewf,grid,"{""cost"": ""newsvendor"", ""eta"": 0.0033932217718953264, ""feedback"": ""censored"", ""gamma"": 0.02, ""overage"": null, ""share_alpha"": 0.1, ""underage"": null}",3254168.0,104973.16129032258,81.05167462446418,362
ewf,grid,"{""cost"": ""newsvendor"", ""eta"": 0.0033932217718953264, ""feedback"": ""censored"", ""gamma"": 0.05, ""overage"": null, ""share_alpha"": 0.1, ""underage"": null}",3254168.0,104973.16129032258,81.05167462446418,362
ewf,grid,"{""cost"": ""newsvendor"", ""eta"": 0.005963623316594642, ""feedback"": ""censored"", ""gamma"": 0.02, ""overage"": null, ""share_alpha"": 0.1, ""underage"": null}",3249657.0,104827.64516129032,80.93931899186288,364
ewf,grid,"{""cost"": ""newsvendor"", ""eta"": 0.007196856730011514, ""feedback"": ""censored"", ""gamma"": 0.02, ""overage"": null, ""share_alpha"": 0.1, ""underage"": null}",3246657.0,104730.87096774194,80.86459788838162,365
ewf,grid,"{""cost"": ""newsvendor"", ""eta"": 0.004094915062380423, ""feedback"": ""censored"", ""gamma"": 0.05, ""overage"": null, ""share_alpha"": 0.1, ""underage"": null}",3241168.0,104553.80645161291,80.72788317604541,366
ewf,grid,"{""cost"": ""newsvendor"", ""eta"": 0.004094915062380423, ""feedback"": ""censored"", ""gamma"": 0.02, ""overage"": null, ""share_alpha"": 0.1, ""underage"": null}",3241168.0,104553.80645161291,80.72788317604541,366
ewf,grid,"{""cost"": ""newsvendor"", ""eta"": 0.004941713361323833, ""feedback"": ""censored"", ""gamma"": 0.05, ""overage"": null, ""share_alpha"": 0.1, ""underage"": null}",3241113.0,104552.03225806452,80.72651328914824,368
ewf,grid,"{""cost"": ""newsvendor"", ""eta"": 0.004094915062380423, ""feedback"": ""censored"", ""gamma"": 0.0, ""overage"": null, ""share_alpha"": 0.1, ""underage"": null}",3240168.0,104521.54838709677,80.70297614155166,369
ewf,grid,"{""cost"": ""newsvendor"", ""eta"": 0.005963623316594642, ""feedback"": ""censored"", ""gamma"": 0.0, ""overage"": null, ""share_alpha"": 0.03225806451612903, ""underage"": null}",3237498.0,104435.41935483871,80.63647435945333,370
ewf,grid,"{""cost"": ""newsvendor"", ""eta"": 0.00868511373751352, ""feedback"": ""censored"", ""gamma"": 0.05, ""overage"": null, ""share_alpha"": 0.1, ""underage"": null}",3233657.0,104311.51612903226,80.54080643996284,371
ewf,grid,"{""cost"": ""newsvendor"", ""eta"": 0.005963623316594642, ""feedback"": ""censored"", ""gamma"": 0.05, ""overage"": null, ""share_alpha"": 0.03225806451612903, ""underage"": null}",3232168.0,104263.48387096774,80.50371986560164,372
ewf,grid,"{""cost"": ""newsvendor"", ""eta"": 0.005963623316594642, ""feedback"": ""censored"", ""gamma"": 0.02, ""overage"": null, ""share_alpha"": 0.03225806451612903, ""underage"": null}",3231498.0,104241.87096774194,80.48703215249083,373
ewf,grid,"{""cost"": ""newsvendor"", ""eta"": 0.005963623316594642, ""feedback"": ""censored"", ""gamma"": 0.05, ""overage"": null, ""share_alpha"": 0.1, ""underage"": null}",3226657.0,104085.70967741935,80.36645719850657,374
ewf,grid,"{""cost"": ""newsvendor"", ""eta"": 0.007196856730011514, ""feedback"": ""censored"", ""gamma"": 0.05, ""overage"": null, ""share_alpha"": 0.1, ""underage"": null}",3223657.0,103988.93548387097,80.29173609502533,375
ewf,grid,"{""cost"": ""newsvendor"", ""eta"": 0.012648552168552958, ""feedback"": ""censored"", ""gamma"": 0.05, ""overage"": null, ""share_alpha"": 0.03225806451612903, ""underage"": null}",3098239.0,99943.19354838709,77.16794564288793,376
ewf,grid,"{""cost"": ""newsvendor"", ""eta"": 0.012648552168552958, ""feedback"": ""censored"", ""gamma"": 0.02, ""overage"": null, ""share_alpha"": 0.03225806451612903, ""underage"": null}",3097239.0,99910.93548387097,77.14303860839416,377
ewf,grid,"{""cost"": ""newsvendor"", ""eta"": 0.012648552168552958, ""feedback"": ""censored"", ""gamma"": 0.0, ""overage"": null, ""share_alpha"": 0.03225806451612903, ""underage"": null}",3097239.0,99910.93548387097,77.14303860839416,377
ewf,grid,"{""cost"": ""newsvendor"", ""eta"": 0.022229964825261933, ""feedback"": ""censored"", ""gamma"": 0.05, ""overage"": null, ""share_alpha"": 0.03225806451612903, ""underage"": null}",3079909.0,99351.90322580645,76.71139970061745,379
ewf,grid,"{""cost"": ""newsvendor"", ""eta"": 0.012648552168552958, ""feedback"": ""censored"", ""gamma"": 0.05, ""overage"": null, ""share_alpha"": 0.1, ""underage"": null}",3079909.0,99351.90322580645,76.71139970061745,379
ewf,grid,"{""cost"": ""newsvendor"", ""eta"": 0.015264179671752318, ""feedback"": ""censored"", ""gamma"": 0.0, ""overage"": null, ""share_alpha"": 0.1, ""underage"": null}",3078624.0,99310.45161290323,76.67939416129298,381
ewf,grid,"{""cost"": ""newsvendor"", ""eta"": 0.010481131341546853, ""feedback"": ""censored"", ""gamma"": 0.05, ""overage"": null, ""share_alpha"": 0.1, ""underage"": null}",3078239.0,99298.03225806452,76.66980495301287,382
ewf,grid,"{""cost"": ""newsvendor"", ""eta"": 0.010481131341546853, ""feedback"": ""censored"", ""gamma"": 0.0, ""overage"": null, ""share_alpha"": 0.1, ""underage"": null}",3077239.0,99265.7741935484,76.64489791851913,383
ewf,grid,"{""cost"": ""newsvendor"", ""eta"": 0.010481131341546853, ""feedback"": ""censored"", ""gamma"": 0.02, ""overage"": null, ""share_alpha"": 0.1, ""underage"": null}",3077239.0,99265.7741935484,76.64489791851913,383
ewf,grid,"{""cost"": ""newsvendor"", ""eta"": 0.015264179671752318, ""feedback"": ""censored"", ""gamma"": 0.02, ""overage"": null, ""share_alpha"": 0.1, ""underage"": null}",3075624.0,99213.67741935483,76.60467305781172,385
ewf,grid,"{""cost"": ""newsvendor"", ""eta"": 0.015264179671752318, ""feedback"": ""censored"", ""gamma"": 0.05, ""overage"": null, ""share_alpha"": 0.1, ""underage"": null}",3073624.0,99149.16129032258,76.55485898882421,386
ewf,grid,"{""cost"": ""newsvendor"", ""eta"": 0.015264179671752318, ""feedback"": ""censored"", ""gamma"": 0.05, ""overage"": null, ""share_alpha"": 0.03225806451612903, ""underage"": null}",3072909.0,99126.09677419355,76.53705045916118,387
ewf,grid,"{""cost"": ""newsvendor"", ""eta"": 0.012648552168552958, ""feedback"": ""censored"", ""gamma"": 0.0, ""overage"": null, ""share_alpha"": 0.1, ""underage"": null}",3071909.0,99093.83870967742,76.51214342466743,388
ewf,grid,"{""cost"": ""newsvendor"", ""eta"": 0.012648552168552958, ""feedback"": ""censored"", ""gamma"": 0.02, ""overage"": null, ""share_alpha"": 0.1, ""underage"": null}",3071909.0,99093.83870967742,76.51214342466743,388
ewf,grid,"{""cost"": ""newsvendor"", ""eta"": 0.015264179671752318, ""feedback"": ""censored"", ""gamma"": 0.0, ""overage"": null, ""share_alpha"": 0.03225806451612903, ""underage"": null}",3071909.0,99093.83870967742,76.51214342466743,388
ewf,grid,"{""cost"": ""newsvendor"", ""eta"": 0.015264179671752318, ""feedback"": ""censored"", ""gamma"": 0.02, ""overage"": null, ""share_alpha"": 0.03225806451612903, ""underage"": null}",3071909.0,99093.83870967742,76.51214342466743,388
ewf,grid,"{""cost"": ""newsvendor"", ""eta"": 0.026826957952797246, ""feedback"": ""censored"", ""gamma"": 0.0, ""overage"": null, ""share_alpha"": 0.03225806451612903, ""underage"": null}",3069662.0,99021.35483870968,76.45617731815997,392
ewf,grid,"{""cost"": ""newsvendor"", ""eta"": 0.022229964825261933, ""feedback"": ""censored"", ""gamma"": 0.02, ""overage"": null, ""share_alpha"": 0.03225806451612903, ""underage"": null}",3068909.0,98997.06451612903,76.43742232118618,393
ewf,grid,"{""cost"": ""newsvendor"", ""eta"": 0.026826957952797246, ""feedback"": ""censored"", ""gamma"": 0.02, ""overage"": null, ""share_alpha"": 0.03225806451612903, ""underage"": null}",3067662.0,98956.83870967742,76.40636324917246,394
ewf,grid,"{""cost"": ""newsvendor"", ""eta"": 0.018420699693267144, ""feedback"": ""censored"", ""gamma"": 0.0, ""overage"": null, ""share_alpha"": 0.1, ""underage"": null}",3066624.0,98923.35483870968,76.38050974736795,395
ewf,grid,"{""cost"": ""newsvendor"", ""eta"": 0.026826957952797246, ""feedback"": ""censored"", ""gamma"": 0.05, ""overage"": null, ""share_alpha"": 0.03225806451612903, ""underage"": null}",3065662.0,98892.32258064517,76.35654918018496,396
ewf,grid,"{""cost"": ""newsvendor"", ""eta"": 0.018420699693267144, ""feedback"": ""censored"", ""gamma"": 0.02, ""overage"": null, ""share_alpha"": 0.1, ""underage"": null}",3065624.0,98891.09677419355,76.35560271287419,397
ewf,grid,"{""cost"": ""newsvendor"", ""eta"": 0.018420699693267144, ""feedback"": ""censored"", ""gamma"": 0.05, ""overage"": null, ""share_alpha"": 0.1, ""underage"": null}",3064624.0,98858.83870967742,76.33069567838045,398
ewf,grid,"{""cost"": ""newsvendor"", ""eta"": 0.018420699693267144, ""feedback"": ""censored"", ""gamma"": 0.05, ""overage"": null, ""share_alpha"": 0.03225806451612903, ""underage"": null}",3063909.0,98835.7741935484,76.31288714871741,399
ewf,grid,"{""cost"": ""newsvendor"", ""eta"": 0.018420699693267144, ""feedback"": ""censored"", ""gamma"": 0.02, ""overage"": null, ""share_alpha"": 0.03225806451612903, ""underage"": null}",3062909.0,98803.51612903226,76.28798011422366,400
ewf,grid,"{""cost"": ""newsvendor"", ""eta"": 0.018420699693267144, ""feedback"": ""censored"", ""gamma"": 0.0, ""overage"": null, ""share_alpha"": 0.03225806451612903, ""underage"": null}",3062909.0,98803.51612903226,76.28798011422366,400
ewf,grid,"{""cost"": ""newsvendor"", ""eta"": 0.022229964825261933, ""feedback"": ""censored"", ""gamma"": 0.0, ""overage"": null, ""share_alpha"": 0.03225806451612903, ""underage"": null}",3062909.0,98803.51612903226,76.28798011422366,400
ewf,grid,"{""cost"": ""newsvendor"", ""eta"": 0.032374575428176434, ""feedback"": ""censored"", ""gamma"": 0.0, ""overage"": null, ""share_alpha"": 0.03225806451612903, ""underage"": null}",3057662.0,98634.25806451614,76.15729290423494,403
ewf,grid,"{""cost"": ""newsvendor"", ""eta"": 0.022229964825261933, ""feedback"": ""censored"", ""gamma"": 0.02, ""overage"": null, ""share_alpha"": 0.1, ""underage"": null}",3054662.0,98537.48387096774,76.08257180075368,404
ewf,grid,"{""cost"": ""newsvendor"", ""eta"": 0.022229964825261933, ""feedback"": ""censored"", ""gamma"": 0.0, ""overage"": null, ""share_alpha"": 0.1, ""underage"": null}",3054662.0,98537.48387096774,76.08257180075368,404
ewf,grid,"{""cost"": ""newsvendor"", ""eta"": 0.022229964825261933, ""feedback"": ""censored"", ""gamma"": 0.05, ""overage"": null, ""share_alpha"": 0.1, ""underage"": null}",3053662.0,98505.2258064516,76.05766476625993,406
ewf,grid,"{""cost"": ""newsvendor"", ""eta"": 0.032374575428176434, ""feedback"": ""censored"", ""gamma"": 0.02, ""overage"": null, ""share_alpha"": 0.03225806451612903, ""underage"": null}",3050662.0,98408.45161290323,75.98294366277868,407
ewf,grid,"{""cost"": ""newsvendor"", ""eta"": 0.032374575428176434, ""feedback"": ""censored"", ""gamma"": 0.05, ""overage"": null, ""share_alpha"": 0.03225806451612903, ""underage"": null}",3050662.0,98408.45161290323,75.98294366277868,407
ewf,grid,"{""cost"": ""newsvendor"", ""eta"": 0.039069399370546126, ""feedback"": ""censored"", ""gamma"": 0.0, ""overage"": null, ""share_alpha"": 0.03225806451612903, ""underage"": null}",3048662.0,98343.93548387097,75.93312959379116,409
ewf,grid,"{""cost"": ""newsvendor"", ""eta"": 0.047148663634573894, ""feedback"": ""censored"", ""gamma"": 0.0, ""overage"": null, ""share_alpha"": 0.03225806451612903, ""underage"": null}",3047800.0,98316.12903225806,75.91165973005755,410
ewf,grid,"{""cost"": ""newsvendor"", ""eta"": 0.026826957952797246, ""feedback"": ""censored"", ""gamma"": 0.02, ""overage"": null, ""share_alpha"": 0.1, ""underage"": null}",3045662.0,98247.16129032258,75.85840849030991,411
ewf,grid,"{""cost"": ""newsvendor"", ""eta"": 0.026826957952797246, ""feedback"": ""censored"", ""gamma"": 0.05, ""overage"": null, ""share_alpha"": 0.1, ""underage"": null}",3045662.0,98247.16129032258,75.85840849030991,411
ewf,grid,"{""cost"": ""newsvendor"", ""eta"": 0.026826957952797246, ""feedback"": ""censored"", ""gamma"": 0.0, ""overage"": null, ""share_alpha"": 0.1, ""underage"": null}",3044662.0,98214.90322580645,75.83350145581616,413
ewf,grid,"{""cost"": ""newsvendor"", ""eta"": 0.039069399370546126, ""feedback"": ""censored"", ""gamma"": 0.02, ""overage"": null, ""share_alpha"": 0.03225806451612903, ""underage"": null}",3043662.0,98182.64516129032,75.80859442132241,414
ewf,grid,"{""cost"": ""newsvendor"", ""eta"": 0.1, ""feedback"": ""censored"", ""gamma"": 0.0, ""overage"": null, ""share_alpha"": 0.03225806451612903, ""underage"": null}",3042891.0,98157.7741935484,75.78939109772773,415
ewf,grid,"{""cost"": ""newsvendor"", ""eta"": 0.05689866029018293, ""feedback"": ""censored"", ""gamma"": 0.0, ""overage"": null, ""share_alpha"": 0.03225806451612903, ""underage"": null}",3042891.0,98157.7741935484,75.78939109772773,415
ewf,grid,"{""cost"": ""newsvendor"", ""eta"": 0.08286427728546843, ""feedback"": ""censored"", ""gamma"": 0.0, ""overage"": null, ""share_alpha"": 0.03225806451612903, ""underage"": null}",3042891.0,98157.7741935484,75.78939109772773,415
ewf,grid,"{""cost"": ""newsvendor"", ""eta"": 0.06866488450042998, ""feedback"": ""censored"", ""gamma"": 0.0, ""overage"": null, ""share_alpha"": 0.03225806451612903, ""underage"": null}",3042891.0,98157.7741935484,75.78939109772773,415
ewf,grid,"{""cost"": ""newsvendor"", ""eta"": 0.047148663634573894, ""feedback"": ""censored"", ""gamma"": 0.02, ""overage"": null, ""share_alpha"": 0.03225806451612903, ""underage"": null}",3042800.0,98154.83870967742,75.7871245575888,419
ewf,grid,"{""cost"": ""newsvendor"", ""eta"": 0.047148663634573894, ""feedback"": ""censored"", ""gamma"": 0.05, ""overage"": null, ""share_alpha"": 0.03225806451612903, ""underage"": null}",3042800.0,98154.83870967742,75.7871245575888,419
ewf,grid,"{""cost"": ""newsvendor"", ""eta"": 0.039069399370546126, ""feedback"": ""censored"", ""gamma"": 0.05, ""overage"": null, ""share_alpha"": 0.1, ""underage"": null}",3041800.0,98122.58064516129,75.76221752309505,421
ewf,grid,"{""cost"": ""newsvendor"", ""eta"": 0.039069399370546126, ""feedback"": ""censored"", ""gamma"": 0.05, ""overage"": null, ""share_alpha"": 0.03225806451612903, ""underage"": null}",3041662.0,98118.12903225806,75.75878035233491,422
ewf,grid,"{""cost"": ""newsvendor"", ""eta"": 0.032374575428176434, ""feedback"": ""censored"", ""gamma"": 0.05, ""overage"": null, ""share_alpha"": 0.1, ""underage"": null}",3041662.0,98118.12903225806,75.75878035233491,422
ewf,grid,"{""cost"": ""newsvendor"", ""eta"": 0.039069399370546126, ""feedback"": ""censored"", ""gamma"": 0.02, ""overage"": null, ""share_alpha"": 0.1, ""underage"": null}",3040800.0,98090.32258064517,75.7373104886013,424
ewf,grid,"{""cost"": ""newsvendor"", ""eta"": 0.039069399370546126, ""feedback"": ""censored"", ""gamma"": 0.0, ""overage"": null, ""share_alpha"": 0.1, ""underage"": null}",3040800.0,98090.32258064517,75.7373104886013,424
ewf,grid,"{""cost"": ""newsvendor"", ""eta"": 0.032374575428176434, ""feedback"": ""censored"", ""gamma"": 0.02, ""overage"": null, ""share_alpha"": 0.1, ""underage"": null}",3040662.0,98085.87096774194,75.73387331784116,426
ewf,grid,"{""cost"": ""newsvendor"", ""eta"": 0.032374575428176434, ""feedback"": ""censored"", ""gamma"": 0.0, ""overage"": null, ""share_alpha"": 0.1, ""underage"": null}",3040662.0,98085.87096774194,75.73387331784116,426
ewf,grid,"{""cost"": ""newsvendor"", ""eta"": 0.047148663634573894, ""feedback"": ""censored"", ""gamma"": 0.05, ""overage"": null, ""share_alpha"": 0.1, ""underage"": null}",3038891.0,98028.74193548386,75.68976295975273,428
ewf,grid,"{""cost"": ""newsvendor"", ""eta"": 0.08286427728546843, ""feedback"": ""censored"", ""gamma"": 0.05, ""overage"": null, ""share_alpha"": 0.1, ""underage"": null}",3038891.0,98028.74193548386,75.68976295975273,428
ewf,grid,"{""cost"": ""newsvendor"", ""eta"": 0.06866488450042998, ""feedback"": ""censored"", ""gamma"": 0.05, ""overage"": null, ""share_alpha"": 0.1, ""underage"": null}",3038891.0,98028.74193548386,75.68976295975273,428
ewf,grid,"{""cost"": ""newsvendor"", ""eta"": 0.1, ""feedback"": ""censored"", ""gamma"": 0.05, ""overage"": null, ""share_alpha"": 0.1, ""underage"": null}",3038891.0,98028.74193548386,75.68976295975273,428
ewf,grid,"{""cost"": ""newsvendor"", ""eta"": 0.05689866029018293, ""feedback"": ""censored"", ""gamma"": 0.05, ""overage"": null, ""share_alpha"": 0.1, ""underage"": null}",3038891.0,98028.74193548386,75.68976295975273,428
ewf,grid,"{""cost"": ""newsvendor"", ""eta"": 0.06866488450042998, ""feedback"": ""censored"", ""gamma"": 0.02, ""overage"": null, ""share_alpha"": 0.1, ""underage"": null}",3037891.0,97996.48387096774,75.66485592525896,433
ewf,grid,"{""cost"": ""newsvendor"", ""eta"": 0.1, ""feedback"": ""censored"", ""gamma"": 0.02, ""overage"": null, ""share_alpha"": 0.1, ""underage"": null}",3037891.0,97996.48387096774,75.66485592525896,433
ewf,grid,"{""cost"": ""newsvendor"", ""eta"": 0.1, ""feedback"": ""censored"", ""gamma"": 0.02, ""overage"": null, ""share_alpha"": 0.03225806451612903, ""underage"": null}",3037891.0,97996.48387096774,75.66485592525896,433
ewf,grid,"{""cost"": ""newsvendor"", ""eta"": 0.1, ""feedback"": ""censored"", ""gamma"": 0.05, ""overage"": null, ""share_alpha"": 0.03225806451612903, ""underage"": null}",3037891.0,97996.48387096774,75.66485592525896,433
ewf,grid,"{""cost"": ""newsvendor"", ""eta"": 0.1, ""feedback"": ""censored"", ""gamma"": 0.0, ""overage"": null, ""share_alpha"": 0.1, ""underage"": null}",3037891.0,97996.48387096774,75.66485592525896,433
ewf,grid,"{""cost"": ""newsvendor"", ""eta"": 0.047148663634573894, ""feedback"": ""censored"", ""gamma"": 0.0, ""overage"": null, ""share_alpha"": 0.1, ""underage"": null}",3037891.0,97996.48387096774,75.66485592525896,433
ewf,grid,"{""cost"": ""newsvendor"", ""eta"": 0.047148663634573894, ""feedback"": ""censored"", ""gamma"": 0.02, ""overage"": null, ""share_alpha"": 0.1, ""underage"": null}",3037891.0,97996.48387096774,75.66485592525896,433
ewf,grid,"{""cost"": ""newsvendor"", ""eta"": 0.06866488450042998, ""feedback"": ""censored"", ""gamma"": 0.05, ""overage"": null, ""share_alpha"": 0.03225806451612903, ""underage"": null}",3037891.0,97996.48387096774,75.66485592525896,433
ewf,grid,"{""cost"": ""newsvendor"", ""eta"": 0.05689866029018293, ""feedback"": ""censored"", ""gamma"": 0.02, ""overage"": null, ""share_alpha"": 0.03225806451612903, ""underage"": null}",3037891.0,97996.48387096774,75.66485592525896,433
ewf,grid,"{""cost"": ""newsvendor"", ""eta"": 0.06866488450042998, ""feedback"": ""censored"", ""gamma"": 0.0, ""overage"": null, ""share_alpha"": 0.1, ""underage"": null}",3037891.0,97996.48387096774,75.66485592525896,433
ewf,grid,"{""cost"": ""newsvendor"", ""eta"": 0.08286427728546843, ""feedback"": ""censored"", ""gamma"": 0.02, ""overage"": null, ""share_alpha"": 0.1, ""underage"": null}",3037891.0,97996.48387096774,75.66485592525896,433
ewf,grid,"{""cost"": ""newsvendor"", ""eta"": 0.08286427728546843, ""feedback"": ""censored"", ""gamma"": 0.02, ""overage"": null, ""share_alpha"": 0.03225806451612903, ""underage"": null}",3037891.0,97996.48387096774,75.66485592525896,433
ewf,grid,"{""cost"": ""newsvendor"", ""eta"": 0.05689866029018293, ""feedback"": ""censored"", ""gamma"": 0.02, ""overage"": null, ""share_alpha"": 0.1, ""underage"": null}",3037891.0,97996.48387096774,75.66485592525896,433
ewf,grid,"{""cost"": ""newsvendor"", ""eta"": 0.08286427728546843, ""feedback"": ""censored"", ""gamma"": 0.0, ""overage"": null, ""share_alpha"": 0.1, ""underage"": null}",3037891.0,97996.48387096774,75.66485592525896,433
ewf,grid,"{""cost"": ""newsvendor"", ""eta"": 0.05689866029018293, ""feedback"": ""censored"", ""gamma"": 0.0, ""overage"": null, ""share_alpha"": 0.1, ""underage"": null}",3037891.0,97996.48387096774,75.66485592525896,433
ewf,grid,"{""cost"": ""newsvendor"", ""eta"": 0.06866488450042998, ""feedback"": ""censored"", ""gamma"": 0.02, ""overage"": null, ""share_alpha"": 0.03225806451612903, ""underage"": null}",3037891.0,97996.48387096774,75.66485592525896,433
ewf,grid,"{""cost"": ""newsvendor"", ""eta"": 0.08286427728546843, ""feedback"": ""censored"", ""gamma"": 0.05, ""overage"": null, ""share_alpha"": 0.03225806451612903, ""underage"": null}",3037891.0,97996.48387096774,75.66485592525896,433
ewf,grid,"{""cost"": ""newsvendor"", ""eta"": 0.05689866029018293, ""feedback"": ""censored"", ""gamma"": 0.05, ""overage"": null, ""share_alpha"": 0.03225806451612903, ""underage"": null}",3037891.0,97996.48387096774,75.66485592525896,433
